peak	p_val	avg_log2FC	pct.1	pct.2	p_val_adj
chr4-133237692-133238561	2.86462457307241e-06	11.3491945794487	0.083	0	0.346112534792328
chr19-53464380-53465290	9.76403723453684e-06	11.3526305632547	0.078	0	1
chr17-34293294-34294216	3.68407062173968e-05	4.09148767839117	0.104	0.009	1
chr11-70844396-70845258	8.61943420579568e-05	1.37897706007448	0.197	0.086	1
chr2-58183599-58184505	0.000145798910198579	11.5262564733948	0.062	0	1
chr10-81297480-81298212	0.000157064460765826	1.75638092338687	0.15	0.052	1
chr14-40920976-40921872	0.000157939819997782	11.1236161503146	0.062	0	1
chr11-116071201-116072073	0.000176846223542771	11.4360323951977	0.057	0	1
chr14-63131657-63132341	0.000178425164781712	2.58974300668648	0.109	0.017	1
chr15-79720497-79721431	0.000205589758989849	11.1849099097055	0.062	0	1
chr12-40039809-40040721	0.000259071415201516	11.4247582208644	0.062	0	1
chr11-76479409-76480245	0.000280375292956105	2.49078650579709	0.109	0.026	1
chr2-174437358-174438221	0.000300023683804077	1.09893122064654	0.197	0.112	1
chr18-53264746-53265421	0.000300118458008522	10.7964100681345	0.052	0	1
chr3-60526675-60527291	0.000342283275624704	10.9478284100124	0.057	0	1
chr7-106236386-106237231	0.00042569914240214	2.30050837080549	0.109	0.026	1
chr9-116083779-116084571	0.000445841542146315	3.26317686189268	0.073	0.009	1
chr11-20477000-20477953	0.000472160179089366	11.2508832196709	0.052	0	1
chr14-14087781-14088641	0.00048763267074727	11.1896922541364	0.057	0	1
chr14-69088964-69089876	0.000490367624718673	3.77026580817735	0.088	0.009	1
chr14-65143759-65144674	0.000503264162568207	3.23354067843736	0.057	0.009	1
chr7-19817282-19818088	0.000515427830301877	1.80378607018045	0.14	0.043	1
chr6-124809318-124810026	0.00052283072378253	2.08090741011252	0.098	0.026	1
chr11-48870931-48871704	0.000526652541195999	1.74406715496269	0.124	0.043	1
chr1-134361492-134362381	0.000530031840214306	1.47039322838822	0.187	0.078	1
chr19-47003692-47004548	0.000567805511502955	11.6819137255714	0.057	0	1
chr11-70785616-70786426	0.000571483226505377	2.42556455964425	0.073	0.017	1
chr6-47620914-47621673	0.000646085167637327	11.5507516503514	0.052	0	1
chr6-116711823-116712787	0.000658087960262584	11.2689396523489	0.057	0	1
chr1-144319176-144320057	0.000705881971821168	3.11906630383658	0.062	0.009	1
chr15-101118150-101119049	0.000734366812054356	3.32305635051712	0.083	0.009	1
chr19-29324899-29325817	0.000740331200675478	2.76396820032952	0.057	0.009	1
chr12-40584587-40585481	0.000746732896982408	1.3766525503	0.114	0.06	1
chr8-70767948-70768802	0.000748700598391371	1.8983636070759	0.109	0.034	1
chr5-113836678-113837618	0.000787704162703034	2.63523711758566	0.078	0.017	1
chr8-126807170-126807997	0.000792726955810311	2.45103965203051	0.109	0.026	1
chr2-34944593-34945416	0.000814492452207298	2.63236258712676	0.088	0.017	1
chr2-104686994-104687891	0.000860021984105718	2.82586415292785	0.057	0.009	1
chr10-117844782-117845468	0.000869638086585021	2.36212503847824	0.098	0.026	1
chr7-128179916-128180741	0.000895583953662372	3.12602534604754	0.057	0.009	1
chr11-116615457-116616370	0.000904462566663094	1.30721553295078	0.145	0.078	1
chr4-3768396-3769310	0.000932124845366112	3.39028608595019	0.067	0.009	1
chr12-73715596-73716480	0.000932923358156479	11.541312431865	0.057	0	1
chr6-125152061-125152956	0.000955666408442848	3.21951527143193	0.067	0.009	1
chr1-171646198-171647110	0.000969190684126689	3.2523327399529	0.083	0.009	1
chr13-93996436-93996852	0.00100412673726274	2.80143472662267	0.057	0.009	1
chr12-102456143-102456964	0.00100815155813878	1.19066895196405	0.098	0.052	1
chr4-144890500-144891202	0.00103897574199628	3.22960961517204	0.073	0.009	1
chr4-136027910-136028806	0.00107433989953766	3.37797012090548	0.062	0.009	1
chr10-39412818-39413670	0.00121603547536299	1.71690234968	0.124	0.043	1
chr4-130799838-130800754	0.00127987053980387	1.68648388786585	0.14	0.052	1
chr5-96920827-96921664	0.00130760294685565	3.25918591443558	0.062	0.009	1
chr5-141055728-141056653	0.0013192259293895	2.03293557701919	0.098	0.026	1
chr5-139293831-139294760	0.00132305948432029	11.3138570609825	0.052	0	1
chr1-80451735-80452661	0.00133022203379127	11.2841201687022	0.052	0	1
chr15-97726909-97727812	0.0013631822329108	11.7438205741806	0.057	0	1
chr6-38690798-38691732	0.00142318121984165	2.86601404365113	0.057	0.009	1
chr5-136465462-136466248	0.00147863499054418	2.52595265644257	0.067	0.017	1
chr10-63023513-63024422	0.00155133083611905	0.659888994379662	0.275	0.216	1
chr10-59236180-59237041	0.00157990164086141	1.41712703412172	0.114	0.052	1
chr7-29128514-29129448	0.00158012039869147	2.92426210372321	0.073	0.009	1
chr15-58748874-58749759	0.00161259224808394	11.3452111478519	0.052	0	1
chr1-85600546-85601472	0.00163773474663559	2.21606703174035	0.088	0.026	1
chr15-91164791-91165696	0.00169775996468618	2.8651047677879	0.057	0.009	1
chr6-86570564-86572157	0.00177307248975109	2.81086205789776	0.088	0.017	1
chr10-82934687-82935595	0.00183207776743554	2.34808073418114	0.067	0.017	1
chr15-78257048-78257907	0.00188008863171335	1.52381251037221	0.104	0.043	1
chr4-123664369-123665303	0.00189840560470544	1.51241171395652	0.124	0.052	1
chr11-116586534-116587441	0.00197286696491993	2.93156141394427	0.057	0.009	1
chr19-47463851-47464753	0.00198131016789209	1.66697588325078	0.104	0.043	1
chr2-27426614-27427455	0.00200643830903278	1.04858151822616	0.176	0.095	1
chr5-105557654-105558435	0.00202563047342537	3.1504891370298	0.078	0.009	1
chr2-156862564-156863449	0.00203861947720004	1.00964011148169	0.244	0.129	1
chr17-53566652-53567551	0.00210625793779247	1.48012656695835	0.14	0.06	1
chr10-60341259-60342151	0.00212640835075586	2.997200459803	0.057	0.009	1
chr2-118157846-118158781	0.00224750762816562	3.0358178909028	0.062	0.009	1
chr1-193173052-193173953	0.0022728725772118	0.854300936207575	0.187	0.129	1
chr4-133353049-133353911	0.00228254870156402	3.14652865601276	0.057	0.009	1
chr9-89256326-89257201	0.00228585674320389	1.54964268662599	0.093	0.034	1
chr4-46885576-46886474	0.00229115612670589	2.95035228374085	0.062	0.009	1
chr11-67480316-67481240	0.00240822161513939	2.2272055555002	0.067	0.017	1
chr1-36986849-36987722	0.0024742676465538	3.07309611756671	0.057	0.009	1
chr10-40515099-40516030	0.00258050284036269	2.10359965813722	0.057	0.017	1
chr2-31297587-31298491	0.002689949756961	3.17722865889039	0.057	0.009	1
chr6-134225219-134225967	0.00273060840079287	3.21262561404141	0.062	0.009	1
chr11-87591542-87592469	0.00274457639720213	0.676319188553483	0.409	0.293	1
chr9-106322316-106323209	0.0027742543303612	1.97168082409176	0.083	0.026	1
chr4-8916923-8917855	0.00280106132400845	1.70811005916719	0.093	0.026	1
chr4-63744891-63745847	0.00280846755989974	3.05462263586325	0.052	0.009	1
chr11-117320103-117320933	0.00284611844445919	1.88726152543712	0.083	0.026	1
chr5-92348497-92349407	0.0028626696543518	2.46312731089808	0.088	0.017	1
chr2-73213956-73214841	0.00289638497213847	0.957562985218448	0.218	0.138	1
chr10-93593723-93594611	0.00290623607843328	2.52335183973667	0.073	0.017	1
chr4-136832306-136833211	0.00294238074207705	3.01461892768466	0.057	0.009	1
chr5-123973196-123974147	0.00299264751329826	3.19817196749494	0.057	0.009	1
chr18-70567874-70568725	0.00300580413348775	1.01635434446287	0.218	0.121	1
chr5-92508552-92509502	0.0030735110508397	1.54952182725113	0.078	0.034	1
chr4-154160312-154161229	0.00316205002449872	0.84783861724605	0.223	0.155	1
chr14-47361554-47362466	0.00317043130972561	1.78348488838208	0.104	0.034	1
chr2-157457123-157457961	0.00326968740302654	1.49965738493902	0.135	0.06	1
chr6-71979890-71980846	0.00326984307901928	2.71151592177056	0.052	0.009	1
chr8-128505633-128506553	0.00327543669505424	1.86556409401552	0.073	0.026	1
chr13-37657987-37658919	0.0033853549857038	2.35997101225181	0.067	0.017	1
chr15-96744515-96745409	0.00346193379006124	2.56028869669616	0.052	0.009	1
chr8-70616496-70617205	0.00352067674732503	1.52727904953558	0.124	0.052	1
chr9-119340827-119341734	0.00352156676370174	0.770324672280831	0.301	0.19	1
chr2-174673702-174674606	0.00355394633374526	2.0475472831339	0.088	0.026	1
chr6-124745208-124746108	0.00359227325524526	0.730505561518672	0.202	0.147	1
chr10-122773910-122774823	0.0036042052808764	2.26573358780779	0.067	0.017	1
chr2-33734527-33735438	0.00362228546529124	3.11662005185907	0.052	0.009	1
chr15-9122801-9123700	0.00371570095552416	3.1934243930225	0.062	0.009	1
chr12-40016686-40017570	0.00372727784057772	2.92031341668481	0.052	0.009	1
chr16-20240740-20241624	0.00377148793651787	2.95498487344262	0.057	0.009	1
chr11-82952267-82953045	0.00378179551142787	1.6231578012391	0.119	0.052	1
chr17-45583808-45584634	0.00389645558725767	2.34105347729275	0.078	0.017	1
chr1-184793003-184793862	0.00390784984121668	2.78677921545676	0.052	0.009	1
chr3-100419695-100420432	0.00396219702412777	2.71048364996039	0.052	0.009	1
chr12-112873235-112874147	0.00398211187102352	1.51544826242927	0.078	0.034	1
chrX-48462477-48463389	0.00399138416491956	1.88643466699816	0.078	0.026	1
chr19-41384730-41385573	0.00403071778675028	1.59328813210869	0.119	0.052	1
chr4-129032915-129033821	0.00404605720309914	1.44453009357395	0.119	0.06	1
chr2-131056127-131056676	0.0041172607253783	2.78318376680751	0.062	0.009	1
chr2-32867114-32868015	0.00413637619256543	3.19158947881616	0.062	0.009	1
chr2-174613673-174614577	0.00416586016818663	1.96973416493069	0.067	0.017	1
chr16-93055361-93056318	0.00418700178034872	3.02127636644489	0.057	0.009	1
chr6-100434950-100435865	0.00425047403769795	2.69651059141807	0.052	0.009	1
chr4-139258675-139259603	0.00435289760355652	2.55955717478794	0.062	0.009	1
chr19-5529074-5529977	0.00436891769934002	1.21107637802993	0.124	0.06	1
chr16-11495973-11496868	0.00439709369142791	2.95793454195854	0.052	0.009	1
chr19-10525003-10525890	0.00440294848263618	0.882176963810301	0.29	0.172	1
chr11-86581073-86581947	0.00440958014384188	1.18321030956843	0.13	0.06	1
chr6-97806554-97807441	0.00441405917009391	0.985048545050877	0.13	0.078	1
chr12-111738522-111739410	0.00446773789061007	2.97075839692867	0.062	0.009	1
chr19-10305694-10306335	0.00451437949958714	3.01390768258148	0.052	0.009	1
chr2-118111122-118111921	0.00454858902705674	1.49604597743144	0.088	0.034	1
chr5-109548479-109549395	0.00469663477656275	2.36748074962695	0.073	0.017	1
chr11-97532886-97533740	0.00469814041938419	1.96478034007095	0.088	0.026	1
chr9-45271930-45272800	0.00469851452627663	1.75655979170598	0.078	0.026	1
chr9-83113618-83114528	0.00472665208632498	1.69332641657026	0.067	0.026	1
chr17-34257329-34258253	0.00473080715855804	1.30233293914117	0.161	0.078	1
chr16-30596773-30597668	0.004744269055913	2.01110278544113	0.067	0.017	1
chr11-20400573-20401490	0.00478547995739346	2.67677152299255	0.057	0.009	1
chr2-118726765-118727648	0.00478788144507129	2.30061587804075	0.052	0.009	1
chr4-9135547-9136443	0.00485368888212113	1.40288835673524	0.083	0.034	1
chr6-108098213-108099130	0.00488010985407341	2.07678526057504	0.073	0.017	1
chr3-90466210-90467123	0.00491354841796445	2.17749928622463	0.073	0.017	1
chr10-121315941-121316763	0.0049335686144088	2.81219212074639	0.062	0.009	1
chr15-73149569-73150308	0.00496681410017062	2.19982882437164	0.062	0.017	1
chr13-93248443-93249378	0.00498935680194891	3.08139283559599	0.052	0.009	1
chr4-137918141-137919057	0.00502365288902582	2.96957275644808	0.057	0.009	1
chr17-84116304-84117256	0.00511698614223325	1.8748328339187	0.078	0.026	1
chr11-49063722-49064696	0.00528265007893112	2.71275441001313	0.052	0.009	1
chr11-71230427-71231338	0.00528587412990648	0.964288876940984	0.119	0.078	1
chr4-40287192-40288097	0.00530359710418656	3.09668097010355	0.067	0.009	1
chr18-77837280-77838182	0.00535651549480984	1.16283020690501	0.119	0.06	1
chr10-62508989-62509819	0.00537278950810272	2.22996943138754	0.067	0.017	1
chr8-126847417-126848315	0.00543576362578641	1.73926090530631	0.104	0.034	1
chr8-88914351-88915098	0.00550060264586711	2.65728058404083	0.052	0.009	1
chr15-74989258-74989791	0.00556381080514087	1.402360972385	0.093	0.043	1
chr8-117297869-117298746	0.00561198655877406	2.74924705635465	0.052	0.009	1
chr1-152767900-152768760	0.00564870638986063	2.09117153319004	0.062	0.017	1
chr19-46506039-46506966	0.00573053289602351	2.58509618497654	0.057	0.009	1
chr5-125375549-125376467	0.0058395555245917	2.86971063345775	0.052	0.009	1
chr10-62725572-62726482	0.00593174739072583	2.00649376167128	0.052	0.017	1
chr11-117878758-117879225	0.00596611746743653	1.47901380746917	0.078	0.034	1
chr15-80011808-80012663	0.00597987784287329	2.22971302655259	0.073	0.017	1
chr17-27552466-27553426	0.00599856794980291	1.64026250353931	0.098	0.034	1
chr2-151996052-151996923	0.00606578061341058	2.10711856622099	0.067	0.017	1
chr4-41569190-41570085	0.00610778830893138	0.598502959180058	0.285	0.224	1
chr5-88508398-88509326	0.00630275338494539	1.22736750077935	0.119	0.06	1
chr4-86712442-86713221	0.00632297695558161	3.06880338448923	0.057	0.009	1
chr4-149944022-149944940	0.00643251127418513	2.91531833790226	0.052	0.009	1
chr11-103315089-103316010	0.00643820808288315	3.00436130308354	0.052	0.009	1
chr7-12961472-12962379	0.00653234894762615	1.65307601085724	0.124	0.043	1
chr8-26963006-26963971	0.00653432947786713	3.02531112216113	0.057	0.009	1
chr4-145240595-145241524	0.00656979719911623	0.948396291041388	0.13	0.078	1
chr13-29857136-29858042	0.00657233681001444	2.55741511734885	0.057	0.009	1
chr15-102325746-102326639	0.00657691411985509	1.57379393360533	0.098	0.043	1
chr10-61134946-61135870	0.00689014961653635	2.75967584951758	0.052	0.009	1
chr5-125368332-125369240	0.00695914759083209	2.2147968190304	0.062	0.017	1
chr5-88770186-88771144	0.00697398590653034	2.69516890247027	0.052	0.009	1
chr10-25464036-25464912	0.00698412809172807	1.90074041406955	0.073	0.026	1
chr15-59759490-59760376	0.00707553328147688	2.6554830949824	0.057	0.009	1
chr8-126597941-126598861	0.0071155189152505	2.91557574319197	0.057	0.009	1
chr15-81416686-81417572	0.00714200037223968	2.51499299936082	0.062	0.009	1
chr4-155178031-155178907	0.00715252573554603	1.79846262280881	0.067	0.026	1
chr8-107435960-107436885	0.00715737774361378	1.04362320385696	0.124	0.078	1
chr13-52982559-52983454	0.00723391124101461	2.63235397929866	0.057	0.009	1
chr12-91848794-91849694	0.00734129741529398	0.725702586227332	0.295	0.198	1
chr1-16105463-16106285	0.00734834637143432	1.01880352998568	0.135	0.078	1
chr1-131184068-131184985	0.00737454409844116	2.20571533990471	0.067	0.017	1
chr4-46451853-46452726	0.00744273769152654	0.776585722456105	0.145	0.103	1
chr6-53968173-53969099	0.0076302096704461	1.93769283302913	0.052	0.017	1
chr1-180268340-180269250	0.00763140177220585	1.92387992117063	0.078	0.026	1
chr11-106751134-106751800	0.0077489129505522	2.90689176638343	0.057	0.009	1
chr11-76845230-76846092	0.00775715644846086	1.32554667237983	0.104	0.043	1
chr1-57377183-57378054	0.00778861032828753	1.08644165327837	0.171	0.095	1
chr16-23999150-24000111	0.00783421345262132	1.90796208886045	0.062	0.017	1
chr6-135377406-135378323	0.00784962830227862	2.58506434460503	0.057	0.009	1
chr3-87929892-87930771	0.00786213354327298	0.847879654970481	0.166	0.112	1
chr9-61367960-61368704	0.00786294140269968	2.01142003687535	0.067	0.017	1
chr5-33005164-33006080	0.00823753869686582	1.93120441540007	0.073	0.026	1
chr19-8806586-8807503	0.00832867912191504	2.71214775449792	0.057	0.009	1
chr5-34534805-34535568	0.00832966865292546	1.91636783240803	0.073	0.026	1
chr19-5912411-5913300	0.0083660609771583	0.846733782456727	0.197	0.121	1
chr7-99133701-99134560	0.00840602921169038	1.20526637829392	0.104	0.052	1
chr17-48263698-48264557	0.00847728070949656	2.9290845964492	0.052	0.009	1
chr11-98399881-98400788	0.00853245785326469	1.1610092746631	0.171	0.078	1
chr18-74294274-74295280	0.00856185249430562	2.85793447865034	0.052	0.009	1
chr9-56079329-56080272	0.00858874061215009	2.3716915742496	0.052	0.009	1
chr6-136683466-136684386	0.00867743391923727	1.7600857214221	0.073	0.017	1
chr12-25281149-25282059	0.00867995813841084	2.78501708682899	0.052	0.009	1
chr11-50047610-50048496	0.00872816653744493	2.47085190857141	0.052	0.009	1
chr16-17927891-17928453	0.0087302148480047	1.8039723868577	0.083	0.026	1
chr1-80401689-80402587	0.00900783219421803	2.23251987253437	0.067	0.017	1
chr2-103795509-103796337	0.00902166368432612	1.61656487421072	0.104	0.034	1
chr17-28293032-28293747	0.00903593115598387	1.99782691772024	0.057	0.017	1
chr6-146724512-146725393	0.00906241321817	0.656110348321041	0.264	0.181	1
chr11-117088207-117089097	0.00907995724650448	1.01329698013785	0.088	0.052	1
chr1-171017497-171018269	0.00910114366514239	2.034947665604	0.052	0.017	1
chr15-84351261-84352021	0.00925190007234927	2.42180595752708	0.052	0.009	1
chr7-127931210-127932135	0.00928127746948543	1.53717264808448	0.062	0.026	1
chr16-55906801-55907707	0.00938224206238016	2.84183532491862	0.052	0.009	1
chr16-3743535-3744475	0.00938845905022171	0.763584170042687	0.259	0.164	1
chr4-46535660-46536579	0.0094131415187674	1.52443514077261	0.093	0.034	1
chr13-24037348-24038157	0.00943865578489592	1.92309574032738	0.052	0.017	1
chr9-45313665-45314553	0.00979428776104844	2.74012695732076	0.057	0.009	1
chr5-3502358-3503240	0.00981728704491174	1.13750721070626	0.13	0.069	1
chr5-105494905-105495820	0.00988917300037463	2.62054928278907	0.052	0.009	1
chr19-9992740-9993664	0.0100002585926793	1.52099688274121	0.093	0.034	1
chr17-83847570-83848446	0.0100343847929578	1.869859638099	0.052	0.017	1
chr10-37138553-37139452	0.0101682971809277	0.815403054098966	0.13	0.078	1
chr9-63602138-63603043	0.0101884933764664	0.694020534192445	0.249	0.181	1
chr2-122147196-122148075	0.0102857560554208	0.670216092935681	0.269	0.181	1
chr1-173766620-173767502	0.0102861944489675	1.23472634204179	0.155	0.069	1
chr9-37229790-37230428	0.0103983795450122	2.09739885937204	0.067	0.017	1
chr13-54564934-54565853	0.010483559759875	1.13160829156503	0.14	0.069	1
chr17-12038983-12039869	0.0105560905654778	2.25125200433451	0.062	0.017	1
chr4-59863587-59864493	0.0105939337753522	2.16027871079037	0.062	0.017	1
chr9-57434709-57435466	0.0106086293185597	2.75393519155021	0.057	0.009	1
chr17-87106893-87107816	0.0106535375463298	0.665677894640873	0.264	0.181	1
chr5-139371807-139372703	0.0106991233204388	0.786045223376552	0.161	0.103	1
chr9-118662239-118663166	0.01078111147187	3.02299972482956	0.052	0.009	1
chr1-171184206-171184863	0.0107997222747311	1.73711417032595	0.062	0.017	1
chr1-89069773-89070647	0.0108452301797737	0.518976550845331	0.321	0.259	1
chr13-54788806-54789715	0.0108627174160382	0.701834195476896	0.249	0.172	1
chr18-36304071-36304981	0.0110940532193137	2.08043050994868	0.057	0.017	1
chr9-106222133-106222977	0.0111508445040445	0.953094533790659	0.093	0.06	1
chr6-53592012-53592927	0.0111936709725247	1.15270004227262	0.114	0.052	1
chr2-131509573-131510486	0.0112831061768079	0.902013863442299	0.145	0.086	1
chr3-58690342-58691142	0.0113591381981224	2.16252897240788	0.062	0.017	1
chr15-25897358-25898174	0.0114905469219466	1.40813402134585	0.078	0.034	1
chr11-118103862-118104668	0.0115075068999997	1.41113338162096	0.083	0.034	1
chr10-117719635-117720603	0.0115579530247658	2.19955300890431	0.062	0.017	1
chr9-98601220-98602135	0.0116181299439242	2.12537171827191	0.078	0.017	1
chr9-62342951-62343584	0.0116580033213723	1.16913810628907	0.119	0.069	1
chr11-71854887-71855795	0.0116773407270087	1.21820384088089	0.104	0.052	1
chr2-129633047-129633957	0.0117750853038021	0.90797884632567	0.171	0.103	1
chr4-9630381-9631210	0.0118127307107939	2.67139632461792	0.057	0.009	1
chr8-88668324-88669248	0.0118374728771994	0.723254526549138	0.166	0.121	1
chr8-123477499-123478404	0.0118482516242767	0.82222737898488	0.207	0.138	1
chr1-171388478-171389333	0.0118485807853668	0.729685992521888	0.187	0.129	1
chr7-127287704-127288609	0.011887863342445	2.815774214194	0.052	0.009	1
chr11-109413330-109414198	0.0118982721399129	2.93033529449316	0.062	0.009	1
chr4-133512751-133513646	0.011919798160191	2.52095275222586	0.062	0.009	1
chr14-64330178-64331218	0.0119856728539334	2.69380492564786	0.057	0.009	1
chr8-9975978-9976862	0.0119906738540613	0.610337141890734	0.264	0.198	1
chr3-89411513-89412431	0.0121082197957908	0.669407085135598	0.202	0.138	1
chr13-49252048-49252752	0.0121218757539822	1.77697959689001	0.078	0.026	1
chr14-14345384-14346114	0.0121329594753468	0.996114087716104	0.187	0.103	1
chr13-54215524-54216428	0.012223127875721	2.70117781219769	0.052	0.009	1
chr3-67576019-67576915	0.0122243690267876	2.56598392111597	0.057	0.009	1
chr6-88518455-88519369	0.0122642046685946	0.62465967336929	0.233	0.172	1
chr16-32099291-32100184	0.012292792477791	1.2172005387803	0.145	0.069	1
chr9-22327573-22328472	0.0123082252161572	0.476912675120535	0.218	0.19	1
chr7-101050489-101051293	0.0123452758426218	1.40538661956857	0.067	0.026	1
chr6-116003214-116003969	0.0123458937682911	2.68109186323056	0.052	0.009	1
chr3-133091415-133092335	0.0123969718739227	0.790080288097467	0.192	0.129	1
chr15-64447009-64447941	0.0124267343197387	2.86763935285889	0.052	0.009	1
chr19-46869244-46870142	0.012432650804976	1.74041418292205	0.062	0.026	1
chr15-59511266-59512191	0.012452132500617	2.59252297063271	0.052	0.009	1
chr1-166787643-166788546	0.0124956890360057	2.78743968940301	0.062	0.009	1
chr7-120101926-120102810	0.0125479832491344	0.952696947290598	0.13	0.078	1
chr10-94545231-94546145	0.0126506377385096	2.76912714089587	0.057	0.009	1
chrX-38456030-38456920	0.0126743761937953	1.30628273416438	0.088	0.043	1
chr11-83661980-83662887	0.0128775675887531	1.00525778018728	0.119	0.069	1
chr17-35865633-35866334	0.0128931410050941	1.45319091504571	0.062	0.026	1
chr2-25422662-25423554	0.0129115593184567	1.26857181250351	0.078	0.034	1
chr7-27228146-27229054	0.013038202586456	0.641629487509445	0.223	0.155	1
chr7-19822234-19823071	0.0130611780646046	1.45455704084468	0.078	0.034	1
chr5-112355314-112356183	0.0130852778721348	1.14951301912182	0.104	0.069	1
chr13-93242821-93243720	0.0130957758274442	1.1983417306427	0.088	0.043	1
chr7-24389261-24390161	0.0131040460087772	1.22781408791235	0.093	0.043	1
chr11-98754398-98755300	0.0131253616839235	1.53582534845281	0.057	0.026	1
chr18-37969341-37970253	0.0131552454849094	1.28677535894444	0.114	0.043	1
chr12-110812864-110813773	0.0131637406280005	2.48615479758231	0.057	0.009	1
chr11-88048305-88048884	0.0131696671184419	1.67797163439227	0.067	0.026	1
chr4-116556990-116557939	0.013281455710463	0.463776312549492	0.321	0.276	1
chr2-173018307-173019028	0.0133142208014468	2.96157920585193	0.052	0.009	1
chr6-86598896-86599790	0.0133335430345736	1.97355505866347	0.067	0.017	1
chr2-181241558-181242481	0.0133600142457028	2.01457635075022	0.057	0.017	1
chr5-65091228-65092131	0.0134294276426605	1.0326371325158	0.073	0.043	1
chr17-35379105-35379964	0.0135093840101536	0.675655010125258	0.228	0.155	1
chr8-71296140-71296951	0.0135365718736813	1.22105713200174	0.083	0.043	1
chr17-45572908-45573659	0.0136046874164492	0.605054824466716	0.254	0.19	1
chr15-103313150-103314021	0.013684875739382	2.00077762925177	0.057	0.017	1
chr1-66649529-66650460	0.0137307477034323	2.09705364048645	0.073	0.017	1
chr2-165888501-165889344	0.0137853468770227	1.35276252954465	0.073	0.034	1
chr11-119708980-119709899	0.0138396225280057	1.25509224369327	0.124	0.052	1
chr5-99339443-99340375	0.0140507005327583	1.05110410535262	0.145	0.086	1
chr17-71489411-71490333	0.0140690362905725	1.97461479121389	0.067	0.017	1
chr14-59297126-59298057	0.0141364436207552	2.72644664422057	0.057	0.009	1
chr1-90973013-90973915	0.0142135056382146	1.73437223976616	0.078	0.026	1
chr10-84621912-84622845	0.0142605364136611	1.15474591553909	0.124	0.069	1
chr16-21381963-21382821	0.0142633178085664	1.27512463200662	0.104	0.043	1
chr10-80149179-80149774	0.0143263056936673	0.595851312713482	0.202	0.172	1
chr3-96300539-96301388	0.0143567179584155	0.887270354566475	0.181	0.112	1
chr9-107312630-107313507	0.014372780602631	1.73262778381995	0.052	0.017	1
chr6-129349368-129350334	0.0144503650491307	1.32352965165823	0.114	0.043	1
chr17-33824115-33825029	0.0145264427999481	0.930220713451767	0.166	0.103	1
chr5-115521467-115522386	0.0145389567190334	2.10165161678826	0.067	0.017	1
chr7-127016850-127017694	0.0145619202224363	0.545763973781656	0.285	0.224	1
chr17-24653725-24654644	0.0145765357138309	1.0880414402408	0.114	0.052	1
chr3-35732084-35733021	0.0146448172450097	1.85263877022972	0.052	0.017	1
chr11-109246418-109247565	0.0146459505642567	2.11363198914639	0.067	0.017	1
chr3-30864381-30865266	0.0147807007915681	1.07133945549415	0.114	0.06	1
chr2-18671913-18672808	0.0147985663314161	0.552859233050672	0.238	0.19	1
chr9-20644457-20645304	0.0148161311159115	1.43875526144765	0.124	0.043	1
chr2-19300054-19300924	0.0149047537421375	1.50765388737759	0.083	0.026	1
chr11-78327956-78328854	0.0149060529502873	0.933265552505967	0.166	0.095	1
chr11-117810428-117811271	0.0149129102404142	1.11740014949531	0.114	0.06	1
chr19-5487805-5488645	0.0150308513001905	0.51038269344149	0.264	0.207	1
chr8-61927663-61928568	0.0150898136892736	2.41396546494038	0.057	0.009	1
chr6-83016820-83017752	0.015187300645835	2.00979745006831	0.052	0.017	1
chr11-105502032-105502961	0.0152080038926231	2.78221704928681	0.052	0.009	1
chr16-38758252-38759168	0.0152328950641362	1.53040235238894	0.067	0.026	1
chr8-117303361-117304277	0.0152331638404379	2.99257433436045	0.052	0.009	1
chr5-143464115-143465032	0.015261375765046	0.738994446144145	0.187	0.129	1
chrX-94366474-94367381	0.0152850320589638	0.67895354709301	0.223	0.147	1
chr6-134211057-134211971	0.0153291826957658	1.46590406959079	0.057	0.017	1
chr18-60803227-60804127	0.0153698706826514	0.888026044855016	0.187	0.112	1
chr1-176825834-176826696	0.01545955880628	1.65403739054435	0.057	0.017	1
chr9-40581593-40582522	0.015483801925073	1.24652998387304	0.083	0.043	1
chr10-59221320-59222245	0.0155055736413173	0.537958005185414	0.259	0.216	1
chr9-66069355-66070203	0.0155168412327971	1.58278570681823	0.073	0.026	1
chr7-24081493-24082350	0.0155687912026861	0.731912773695405	0.207	0.129	1
chr15-97373487-97374309	0.0155932134790224	2.09738776992643	0.057	0.017	1
chr8-123442661-123443589	0.0156124892181845	0.748036771989807	0.166	0.112	1
chr11-97411862-97412702	0.0156277347790086	1.54700973933904	0.078	0.034	1
chr14-19584929-19585719	0.0156642112118721	1.51254277131707	0.062	0.026	1
chr17-17373842-17374738	0.0156935993497075	0.629485506409241	0.207	0.172	1
chr8-120436542-120437194	0.0157368380823012	1.76045346925984	0.078	0.026	1
chr1-180214785-180215683	0.0157844672914525	1.11348499249629	0.078	0.034	1
chr4-132777771-132778661	0.015792837099543	2.01728178631322	0.052	0.017	1
chr17-94864356-94865298	0.0159335005938503	0.920161768367531	0.135	0.086	1
chr8-86623566-86624460	0.0160402136774486	0.683648319085803	0.254	0.19	1
chr4-150788864-150789775	0.0160487776345871	1.6133277568144	0.078	0.026	1
chr5-142440220-142441139	0.0160540929705993	1.24325545680422	0.13	0.06	1
chr2-181693414-181694336	0.0161135046980182	1.11147854018066	0.14	0.069	1
chr15-66969379-66970306	0.016147236373594	1.38324249423819	0.088	0.034	1
chrX-75416126-75417021	0.0161521267270281	1.20132874416193	0.114	0.052	1
chr11-69431802-69432713	0.0162528575173482	1.65744739327175	0.062	0.026	1
chr17-87746012-87746946	0.0163711449504614	1.83083794241318	0.052	0.017	1
chr11-114902838-114903742	0.0164269705754274	2.73228655174186	0.052	0.009	1
chr8-126867290-126867997	0.0165516495085459	2.03634912344676	0.073	0.017	1
chr18-35844190-35845080	0.016628305503489	2.0296781851377	0.052	0.017	1
chr3-108899899-108900819	0.0168169322015156	1.15680834192384	0.088	0.043	1
chr19-16252444-16253349	0.0168532741550985	2.83695385089448	0.057	0.009	1
chr16-5049591-5050452	0.0170742710713522	0.436168292842416	0.29	0.224	1
chr10-67689613-67690487	0.0170811209099642	1.7637096354486	0.073	0.026	1
chr17-69382384-69383252	0.0170993169795945	0.662067993976152	0.218	0.164	1
chr8-66391327-66392251	0.0171972991714612	1.88607170471576	0.057	0.017	1
chr11-117989531-117990401	0.0172850407583134	2.20821133232346	0.062	0.017	1
chr17-34261232-34262121	0.0173291249575072	0.981884488948256	0.161	0.086	1
chr8-116627620-116628521	0.0173813092355043	2.00539314810688	0.057	0.017	1
chr7-29170986-29171746	0.0174013546316661	1.56017156342149	0.052	0.017	1
chr2-13537789-13538674	0.0174037653746667	2.90181654384693	0.052	0.009	1
chr6-88378591-88379481	0.0174533621722367	1.18689498163325	0.067	0.034	1
chr8-126803800-126804699	0.0175122661816442	1.16698281130208	0.078	0.034	1
chr3-100932022-100932937	0.0175270225981918	2.56041107571755	0.052	0.009	1
chr6-129180145-129181038	0.0175901139930591	0.965220898208057	0.135	0.086	1
chr15-83560817-83561722	0.017653724232989	1.99893708667221	0.057	0.017	1
chr9-110037667-110038600	0.0176549167690092	1.03531436590441	0.093	0.043	1
chr6-83273529-83274414	0.0177146698321376	2.57929019273016	0.052	0.009	1
chr4-101354185-101355071	0.0177195118866051	1.90430582857871	0.057	0.017	1
chr9-62340779-62341666	0.0177361563029425	0.878392664858202	0.161	0.103	1
chr19-11965065-11966001	0.0179231810457038	0.403033357407725	0.461	0.431	1
chr7-132657645-132658544	0.0179529184040294	1.84661567455972	0.052	0.017	1
chr17-84859639-84860562	0.0179671755151775	1.98555956876365	0.057	0.017	1
chr10-77536481-77537404	0.0179726423559524	1.12284816702737	0.119	0.06	1
chr5-134229198-134230111	0.0180068162170822	0.992072825015009	0.13	0.06	1
chr4-63408498-63409322	0.0180109685252914	1.57658177592562	0.067	0.034	1
chr15-96936473-96937387	0.0181503576936118	1.26214467345804	0.073	0.034	1
chr7-75666655-75667573	0.0181573732204548	2.95971494527575	0.052	0.009	1
chr15-103370175-103371077	0.0181881364688409	1.80249025083137	0.062	0.017	1
chr11-70646629-70647556	0.0182417201542538	0.694733102898735	0.259	0.19	1
chr17-45752368-45753245	0.0182912307817828	1.67443617336496	0.062	0.026	1
chr17-50192139-50193075	0.0184812667474068	1.78784340546366	0.067	0.017	1
chr18-31910516-31911423	0.0185544195263741	0.530174348476546	0.202	0.164	1
chr11-29884925-29885838	0.0186134757160234	1.94074268142304	0.062	0.017	1
chr1-75124477-75125428	0.0186784709026798	0.517955507833389	0.269	0.207	1
chr3-95314837-95315701	0.0187560039312252	1.0491099347164	0.166	0.095	1
chr9-66088221-66089092	0.018793026967195	1.63955640382667	0.052	0.017	1
chr4-123018727-123019613	0.018892047394123	1.3521669043409	0.073	0.034	1
chr6-72932701-72933610	0.0189469885553624	1.88380275293202	0.052	0.017	1
chr9-21786636-21787542	0.018958430033413	1.54028225013283	0.057	0.026	1
chr11-119267538-119268424	0.0189641860156128	0.657760503534148	0.228	0.155	1
chr16-91398054-91398950	0.0189879365098947	1.16254645529507	0.093	0.052	1
chr17-37050144-37050848	0.0190830431229528	1.58162986370238	0.062	0.026	1
chr18-24603352-24604240	0.019091414123733	0.695312828055735	0.218	0.155	1
chr5-130221905-130222793	0.0191035968631443	1.16406119756716	0.119	0.052	1
chr5-137151979-137152838	0.0191904642028726	2.17073255676994	0.067	0.017	1
chr7-31158286-31159218	0.0192265799917103	1.58822988629118	0.057	0.026	1
chr7-125581080-125581977	0.0192626437431332	1.20851561969356	0.088	0.034	1
chr2-43673357-43674264	0.019496426455285	2.09439318383964	0.057	0.017	1
chr4-149737630-149738501	0.019506063372755	0.6336441290358	0.228	0.181	1
chr2-43545444-43546364	0.0195427993485921	1.88523467621468	0.052	0.017	1
chr4-127020759-127021636	0.0195582526152389	0.545479713986172	0.233	0.19	1
chr7-78846756-78847633	0.0195628745772157	0.74502287002457	0.15	0.103	1
chr11-22813599-22814553	0.0197104790005478	2.38433275999721	0.073	0.017	1
chr11-107102493-107103408	0.0197337025961831	2.07976517229644	0.062	0.017	1
chr12-79191462-79192357	0.0197942162863081	1.5329046000048	0.067	0.026	1
chrX-95956582-95957502	0.0198176664784965	0.916082786075475	0.145	0.078	1
chr18-35093595-35094431	0.0198294721815212	1.76199837075828	0.062	0.017	1
chr11-40694297-40695114	0.0198639158059074	1.35501702997467	0.067	0.034	1
chr15-76312973-76313873	0.0198797839001903	1.23553782183254	0.083	0.043	1
chr7-28972475-28973348	0.0199219447006263	2.65465037306107	0.052	0.009	1
chr7-142389947-142390878	0.0200763188555933	1.85927786434847	0.067	0.017	1
chr18-32311468-32312392	0.0200911676157805	1.97002617566267	0.062	0.017	1
chr17-26167764-26168658	0.0200936271246671	1.68654485908159	0.078	0.026	1
chr10-17772050-17773015	0.0202786032678661	1.88469467743266	0.083	0.026	1
chr2-153529049-153529778	0.020292677248269	1.58535836648588	0.062	0.026	1
chr2-153318972-153319891	0.0202979141868542	1.9670033328057	0.067	0.017	1
chr15-12370882-12371803	0.0204784515522764	1.74854898263938	0.062	0.017	1
chr4-149780293-149781206	0.0206311256557348	0.845805271041482	0.15	0.086	1
chr10-60257234-60258191	0.0206715466571898	1.53278074990061	0.067	0.026	1
chr16-17720867-17721685	0.0208084403869654	1.28111551668905	0.073	0.034	1
chr16-89848309-89849226	0.0208468627849071	1.06228589749134	0.119	0.06	1
chr3-95893411-95894329	0.0208517609287768	0.44286449000491	0.181	0.164	1
chr17-34969527-34970476	0.0209066518478317	1.38439674269709	0.088	0.034	1
chr11-89075992-89076928	0.0209224131771691	1.96617271151741	0.067	0.017	1
chr11-63921940-63922824	0.020969990376677	0.933964806197496	0.098	0.069	1
chr6-127446136-127447060	0.0209926584854508	1.83347890450581	0.057	0.017	1
chr16-91405592-91406706	0.0210182758023608	0.82014240131407	0.119	0.078	1
chr19-11539923-11540827	0.0210569222945107	1.4820357086142	0.062	0.026	1
chr11-29808336-29809214	0.021063377176112	1.58897033093758	0.067	0.026	1
chr19-6857761-6858635	0.0211401250948881	1.55586067304995	0.052	0.017	1
chr11-106410388-106411280	0.0211750125397799	2.57267002068718	0.052	0.009	1
chr5-125052004-125052968	0.021217258383638	1.89689517775583	0.052	0.017	1
chr11-120349844-120350731	0.021229220336526	0.886752104256109	0.161	0.095	1
chr17-24169100-24169937	0.0212410188054218	0.500987333752392	0.249	0.198	1
chr5-124622797-124623711	0.0212845940271309	1.42047587435296	0.062	0.026	1
chr6-35379614-35380445	0.0213635031512549	2.07100281516316	0.052	0.017	1
chr1-135283605-135284521	0.021483491256291	0.910142794075515	0.104	0.06	1
chr8-27174358-27175528	0.0215223087973132	1.31298184482349	0.104	0.043	1
chr19-8819282-8820205	0.0215431461172257	0.503652082776469	0.342	0.276	1
chr9-14758337-14759318	0.0215460811691068	1.5428293592701	0.062	0.026	1
chr1-143776724-143777622	0.0215503454974231	0.532709877024387	0.264	0.198	1
chr13-20107690-20108591	0.0215868523997922	1.67274669327127	0.062	0.017	1
chr1-191115557-191116256	0.0217466364519636	1.05418490348721	0.067	0.043	1
chr16-87712789-87713663	0.021913585834772	1.7375495430736	0.073	0.026	1
chr6-87540785-87541586	0.0219850393533005	1.34943686581147	0.083	0.034	1
chr13-28501894-28502786	0.021987052846984	1.4801710146992	0.052	0.017	1
chr17-29397928-29398772	0.0220643920710048	1.63145460533013	0.073	0.026	1
chr4-135313512-135314414	0.0220790794367972	0.771844348915417	0.166	0.112	1
chr13-94049846-94050750	0.02216687691234	0.909327984503701	0.073	0.043	1
chr9-62039909-62040814	0.0222885254514589	1.62051772280422	0.052	0.017	1
chr11-75461018-75461915	0.0224003451045401	0.450207176917458	0.368	0.293	1
chr5-113591573-113592488	0.0224083113572317	0.969301194644903	0.109	0.069	1
chr10-77130300-77131218	0.0224521625599782	2.04984867978151	0.057	0.017	1
chr7-55841765-55842682	0.0226618896599621	1.15065615547657	0.073	0.043	1
chr2-27288748-27289652	0.0226718438131849	2.13923516902867	0.057	0.017	1
chr11-34778005-34778890	0.0227133495161557	1.16322021633812	0.078	0.034	1
chr11-68417562-68418474	0.0227185408582259	1.27246918326201	0.078	0.034	1
chr2-70661058-70661957	0.022721807548187	0.540465438949223	0.249	0.198	1
chr6-134020554-134021483	0.0228094296060257	1.50912902830193	0.057	0.026	1
chr7-141371887-141372795	0.0228290085861649	1.15847726401758	0.098	0.043	1
chr2-35200656-35201544	0.0228338765066713	0.396784146947765	0.29	0.241	1
chr13-102678255-102679164	0.0228907882960548	1.58133950915138	0.073	0.026	1
chr2-156857129-156858039	0.0228932997804231	1.12979764813173	0.083	0.043	1
chr12-33301757-33302546	0.0229279001505697	1.54225715397468	0.073	0.026	1
chr9-55511741-55512589	0.0229402298824284	0.686968179516065	0.192	0.155	1
chr13-23544095-23544921	0.0230623722221687	0.64326331586472	0.176	0.129	1
chr1-179434458-179435375	0.0231075065877588	1.79612111986758	0.057	0.017	1
chr2-30929373-30930253	0.0231500239648672	1.8784714118217	0.062	0.017	1
chr13-112433043-112433959	0.0231718964017828	1.50786207191282	0.067	0.026	1
chr9-86464319-86465237	0.023238886652647	0.653518363023108	0.166	0.112	1
chr9-88482224-88483132	0.0233235739665806	0.475961712668133	0.285	0.241	1
chr5-102777598-102778525	0.0234459484048862	1.48056692008755	0.078	0.034	1
chr5-145166652-145167563	0.0235351708921327	0.69452032576283	0.171	0.121	1
chr11-117946441-117947359	0.0236048574699167	1.03159829869305	0.13	0.06	1
chr1-138174842-138175780	0.0236656482609621	1.0055957373411	0.083	0.043	1
chr4-41773437-41774299	0.0237347611265671	1.10963612905781	0.119	0.06	1
chr16-10452254-10453171	0.0237908691509051	1.10781663969298	0.109	0.052	1
chr13-64438804-64439717	0.0238322343054433	1.31746395975812	0.057	0.026	1
chr11-104550121-104551000	0.0239025193691549	0.711568228755668	0.187	0.138	1
chr19-53423012-53423927	0.0239320141834861	2.13606843546677	0.057	0.017	1
chr17-31075376-31076202	0.0239536113090345	1.99078462022067	0.052	0.017	1
chr8-11463834-11464726	0.0239989389738384	0.930227332948003	0.14	0.078	1
chr5-105139182-105140093	0.0239992705296968	1.99087441823341	0.052	0.017	1
chr1-136137061-136137927	0.0241362669995924	1.82050070935483	0.062	0.017	1
chr1-125466388-125467290	0.0241999659656106	1.57987456355305	0.073	0.026	1
chr14-63411278-63412162	0.0242232509422543	1.6976870231197	0.052	0.017	1
chr17-47507685-47508549	0.0242401142403857	0.689524668944237	0.155	0.095	1
chr17-53488361-53489287	0.0242650571700071	2.08957257373356	0.052	0.017	1
chr8-117475644-117476495	0.02426984437049	1.1717373834015	0.114	0.052	1
chr10-120977564-120978492	0.0243294118896656	1.97600068935357	0.057	0.017	1
chr14-33185018-33185905	0.0244329517957619	0.682862091153235	0.145	0.095	1
chr19-59943072-59943990	0.0244614180881373	0.609484409708299	0.181	0.129	1
chr19-34582865-34583839	0.0245390840880427	1.8648056034724	0.057	0.017	1
chr9-61321722-61322670	0.0245415699357756	1.94984251612084	0.067	0.017	1
chr6-13607449-13608364	0.0245488659806046	0.907471020197942	0.15	0.095	1
chr6-122810721-122811595	0.024600744917894	0.423395768216781	0.316	0.293	1
chr10-34297003-34297907	0.0246272765537847	1.14875720693061	0.083	0.043	1
chr1-184732244-184733098	0.0247509539309306	0.546013270800617	0.192	0.138	1
chr5-77289348-77290297	0.0247990706981082	2.27560977589654	0.052	0.009	1
chr8-120108933-120109824	0.0248301565002203	1.27420169246446	0.057	0.026	1
chr1-34602093-34603002	0.0249156020938463	2.12768808510329	0.057	0.017	1
chr11-53233299-53234230	0.0251102181111892	1.39861207998074	0.067	0.026	1
chr5-30232111-30233004	0.0251867400512619	0.57438231156497	0.244	0.198	1
chr5-64044677-64045281	0.0252086058364154	2.11823632819163	0.057	0.017	1
chr10-39731306-39732229	0.0252273522659328	0.388195572841469	0.301	0.267	1
chr18-62092363-62093219	0.0253545940990776	2.74113617975796	0.052	0.009	1
chr2-6739722-6740635	0.0253635226863065	1.65725694881666	0.078	0.026	1
chr15-78119462-78120377	0.0253730536344303	1.16499714621195	0.057	0.026	1
chr10-62920156-62921072	0.0255051470587856	1.01943836066576	0.13	0.069	1
chr2-27404689-27405621	0.0256981836733265	1.74855497570581	0.067	0.026	1
chr8-126832267-126833126	0.0257367295131997	0.915647360360841	0.104	0.06	1
chr8-120795983-120796897	0.0257424405397432	1.51739470575331	0.062	0.026	1
chr1-84245076-84245974	0.0257911820798624	1.38739978388095	0.057	0.026	1
chr13-49205317-49206252	0.0258072200987429	0.64040632130732	0.187	0.121	1
chr1-21078891-21079807	0.0259323544904996	0.537771718647507	0.326	0.267	1
chr11-45851568-45852362	0.0260240457840105	1.01229865234501	0.098	0.06	1
chr10-51525908-51526783	0.0261489722125559	1.22061115376908	0.093	0.043	1
chr19-6297340-6298239	0.0262071422833204	0.710363107290582	0.135	0.095	1
chr1-9943681-9944590	0.0262616754346394	0.917974681874357	0.124	0.078	1
chr4-105263343-105264257	0.0264153853035971	1.26013844283204	0.062	0.034	1
chr13-44065533-44066433	0.0264168086369236	1.15700386210311	0.052	0.026	1
chr10-66852722-66853646	0.0264381815741577	1.05313858347168	0.124	0.069	1
chr12-108760980-108761857	0.026445383961845	1.00667076686092	0.062	0.034	1
chr7-46615336-46616255	0.0266090232870937	0.892502616378364	0.135	0.086	1
chr4-115980381-115981272	0.0266353427008236	1.75610893705137	0.057	0.017	1
chr12-102445192-102446115	0.0266375261790266	0.900067342561243	0.109	0.069	1
chr8-73233272-73234043	0.0266926957357842	0.758455406153698	0.067	0.052	1
chr3-95312328-95313197	0.026931663881073	2.53119743563245	0.052	0.009	1
chr19-41847813-41848697	0.0270022388871943	0.619139132547664	0.197	0.147	1
chr5-150522175-150523088	0.027063805454711	1.43833294780521	0.067	0.026	1
chr12-111437341-111438274	0.0271081257223088	1.43019611960754	0.062	0.026	1
chr1-180848575-180849246	0.0271201180889416	0.757003140655837	0.114	0.086	1
chr4-109476211-109477062	0.0272407959786309	0.785586825947355	0.145	0.103	1
chr7-145111185-145112081	0.0272900238221986	0.39543352994091	0.192	0.138	1
chr6-99784771-99785715	0.0273339761051283	0.80764684924981	0.098	0.06	1
chr10-80933395-80934298	0.0273441103857991	1.60469730805998	0.078	0.026	1
chr4-62763745-62764653	0.0274407631084947	1.42545032786539	0.057	0.026	1
chr11-119391802-119392532	0.0274636287368744	2.07032043706781	0.062	0.017	1
chr12-86836366-86837211	0.0274715322180664	0.651095150292599	0.155	0.103	1
chr17-6815950-6816880	0.0274922629661756	2.09261567508422	0.062	0.017	1
chr19-29640774-29641676	0.0275270619920323	1.89756258114321	0.062	0.017	1
chr17-71132828-71133751	0.0276124944224519	1.38810349911768	0.062	0.026	1
chr18-80169430-80169759	0.0276710547764479	1.23564378265683	0.088	0.052	1
chr7-29178978-29179691	0.0277701606616222	1.55885283188527	0.067	0.026	1
chr16-55965974-55966869	0.027777032792648	0.883888346515121	0.13	0.086	1
chr5-100845911-100846849	0.0278562926749825	1.62232797419768	0.052	0.017	1
chr5-114130487-114131400	0.0278997630817646	0.634122744442279	0.207	0.147	1
chr4-154943983-154944878	0.0280410419341566	0.730855409433366	0.14	0.086	1
chr16-30008545-30009410	0.0281150402347503	1.05078789548173	0.083	0.043	1
chr2-144008996-144009880	0.0281199603036688	0.624860328725735	0.15	0.095	1
chr1-88652367-88653270	0.0281299615740319	1.24597778671293	0.083	0.043	1
chr17-88527642-88528503	0.0281674520946965	1.39206449131234	0.067	0.026	1
chr7-27507787-27508637	0.0282214700109809	0.860856005089558	0.114	0.069	1
chr10-86705297-86706112	0.0283075722464104	0.415296173539617	0.326	0.276	1
chr17-29436909-29437812	0.028377849970093	1.14325742734576	0.114	0.052	1
chr2-144009969-144010498	0.0284122077682035	0.770860364596462	0.124	0.095	1
chr11-97829809-97830653	0.0284357566319026	0.857143589594673	0.114	0.069	1
chr4-106529507-106530392	0.0286725879401359	1.05444281795711	0.093	0.043	1
chr11-26586302-26587207	0.0286801752207869	1.0560778502316	0.083	0.043	1
chr2-33645143-33646073	0.0288303647750285	1.4257657528754	0.052	0.026	1
chr11-102900560-102901466	0.0288354858087496	1.2907388068324	0.052	0.026	1
chr11-55154643-55155512	0.0288383643479293	1.14672731938618	0.093	0.043	1
chr4-133117839-133118715	0.0289060814591789	0.855413364787857	0.124	0.086	1
chr9-111058895-111059799	0.0289350903277647	1.13807849491042	0.13	0.052	1
chr4-10922953-10923868	0.0292100325999138	0.771829047329068	0.14	0.086	1
chr6-120038247-120039043	0.0292718587494219	0.385155647982963	0.264	0.241	1
chr18-82531627-82532544	0.0293975381903038	2.51415341597229	0.052	0.009	1
chr12-4918095-4918769	0.0294210843075179	1.5665326685916	0.067	0.026	1
chr2-38514175-38515079	0.0294736740699949	1.44584026802453	0.073	0.026	1
chr1-171050565-171051475	0.0294998062274408	1.50379393722171	0.067	0.026	1
chr8-4214105-4214940	0.0295316452025375	1.78058774119682	0.057	0.017	1
chr2-167804688-167805456	0.029580629790873	1.15337223117768	0.088	0.043	1
chr11-83663409-83664194	0.0295893463828091	0.806199201974714	0.062	0.043	1
chr1-36960544-36961436	0.0296245224616684	1.43646934705587	0.067	0.026	1
chr5-124376928-124377838	0.0297579472236301	1.87215697918921	0.057	0.017	1
chr15-79208824-79209746	0.0298209576102469	1.66859379698251	0.067	0.026	1
chr8-90870452-90871019	0.0298578646278838	1.84907856019852	0.057	0.017	1
chr13-45903442-45904381	0.0298970405390068	1.23698647513003	0.078	0.034	1
chr10-79779805-79780694	0.029942495945786	0.606625523648795	0.223	0.172	1
chr4-155958988-155959922	0.029952077986029	1.37337869636941	0.062	0.026	1
chr4-4792856-4793711	0.0299869227183734	0.920110958777245	0.109	0.06	1
chr2-79227705-79228611	0.0299944363668087	1.37013881107792	0.062	0.026	1
chr2-154603363-154604276	0.0300996425934088	0.560397839632473	0.264	0.207	1
chr9-115804984-115805891	0.0301104658004676	0.82310969250416	0.083	0.052	1
chr6-72522059-72522980	0.0301833663965497	0.924519096481288	0.098	0.052	1
chr3-88457057-88457967	0.0303225020264429	2.41663200288586	0.052	0.009	1
chr11-94989369-94990139	0.0303831797576682	1.34461213119784	0.088	0.034	1
chr4-152477280-152478137	0.0304022358554535	0.518583698340608	0.223	0.181	1
chr19-8992574-8993495	0.030412128271671	1.81834514165968	0.057	0.017	1
chr10-116923851-116924785	0.0304867083089865	1.09078592619803	0.057	0.026	1
chr5-34500613-34501454	0.0304904356444181	1.61137414029364	0.062	0.026	1
chr7-140946718-140947582	0.0308598741655679	1.8150241700175	0.052	0.017	1
chr11-98954020-98954890	0.0310359150474038	1.60826685228065	0.052	0.017	1
chr7-101360807-101361727	0.0310373491971488	1.22849803414009	0.078	0.034	1
chr10-117829444-117830322	0.0310667945986907	1.68814762710853	0.052	0.017	1
chr6-97457862-97458368	0.0310914073571838	1.11845565316947	0.078	0.034	1
chr9-14500100-14501009	0.0311975690266017	0.634317093610748	0.187	0.138	1
chr19-46522201-46523102	0.0312338575642589	0.937098939085942	0.119	0.078	1
chr14-77032994-77033817	0.0312691550333288	0.97428512857514	0.093	0.052	1
chr11-102407067-102407844	0.0314357876333264	0.552840167631665	0.212	0.155	1
chr2-128373669-128374600	0.0314507881603428	1.30824351698362	0.088	0.043	1
chr18-34759216-34759675	0.0315222556695191	0.912134342508863	0.135	0.078	1
chr11-86613927-86614831	0.0315240559227555	0.742479786941484	0.114	0.078	1
chr1-180771208-180772138	0.0315498433824335	1.91568356556771	0.057	0.017	1
chr9-89210988-89211748	0.0315751256979058	1.39807259242847	0.062	0.026	1
chr9-124281708-124282598	0.0316807339167247	0.812261990133569	0.181	0.121	1
chr11-120948507-120949319	0.0317456478408695	1.19146192296479	0.088	0.043	1
chr3-96562022-96562880	0.0317579738325886	1.68001707739085	0.052	0.017	1
chr10-40258265-40259090	0.0318746404541136	1.03848970057545	0.088	0.052	1
chr15-64059149-64059773	0.0319358603243347	0.921466252977616	0.104	0.06	1
chr2-6459244-6460181	0.0319828011857775	1.19641353407953	0.057	0.034	1
chr2-148877070-148877973	0.0320740874960682	0.625968836531144	0.078	0.052	1
chr5-110284260-110285137	0.0321206811777029	1.31330262827173	0.057	0.026	1
chr7-29768083-29768986	0.0321264713808886	0.976731654510127	0.14	0.078	1
chr4-150120064-150120913	0.0321599818890257	0.867694611199941	0.098	0.06	1
chr11-94543652-94544573	0.0322114671158576	0.963489931877833	0.109	0.06	1
chr12-85710365-85711273	0.0322377425419556	0.881851699070279	0.114	0.069	1
chr5-134532226-134532978	0.0322688985676967	1.01114831163452	0.093	0.052	1
chr12-84022798-84023718	0.0323016709659685	1.92117245015614	0.052	0.017	1
chr10-80329502-80330423	0.0324587386686341	0.569610961910802	0.218	0.164	1
chr7-127842370-127843025	0.0324908343889882	1.89108611506647	0.062	0.017	1
chr9-80066695-80067337	0.0326552790875081	1.05847185765486	0.104	0.052	1
chr13-54071467-54072334	0.0326695841992006	0.904155257811883	0.124	0.086	1
chr14-47541494-47542241	0.0328419446961561	1.66498285095189	0.052	0.017	1
chr7-6382789-6383705	0.0329149854695195	0.571480462927792	0.15	0.112	1
chr13-93237347-93238268	0.0329503393871839	1.30908238488444	0.073	0.034	1
chr8-83996594-83997519	0.0330115621448441	0.511554868511334	0.218	0.172	1
chr17-70754743-70755610	0.0330237507551286	1.74250445917319	0.052	0.017	1
chr9-50533078-50533967	0.0330599582321924	1.78412428244233	0.057	0.017	1
chr7-140998829-140999768	0.0330669443866591	0.63362906348124	0.124	0.086	1
chr3-96904790-96905675	0.0332923041155411	1.4236935738969	0.057	0.026	1
chr13-40968357-40969288	0.0333267980105416	0.943905695020826	0.114	0.06	1
chr1-64927785-64928298	0.0333541980332578	1.84306877947239	0.057	0.017	1
chr11-114747504-114748404	0.0333986444820567	2.42982370799619	0.052	0.009	1
chr11-103257905-103258816	0.0334340710457154	1.08294096689977	0.098	0.052	1
chr16-44189959-44190787	0.0334574708454676	1.22684810567637	0.057	0.026	1
chr10-37337968-37338855	0.0334779210653752	1.03102033971344	0.104	0.06	1
chr16-36985390-36986311	0.0336408101760639	1.29589504554357	0.067	0.034	1
chr5-53385122-53386053	0.0337502534627482	1.87010996262039	0.052	0.017	1
chr2-167661199-167662112	0.0337698420662079	0.374978640144952	0.295	0.241	1
chr7-17023614-17024445	0.0338210531876436	1.29816400394948	0.078	0.034	1
chr7-145112463-145113116	0.0338457525137369	1.2194234821955	0.067	0.034	1
chr2-11496419-11497344	0.0339042879416689	0.427627992964038	0.161	0.147	1
chr13-9759753-9760668	0.0343688945829352	1.08441996261652	0.119	0.06	1
chr18-33213500-33214396	0.0343770672510769	0.550442019095195	0.223	0.164	1
chr7-3295349-3296220	0.034485932200049	1.06577631524503	0.109	0.069	1
chr11-104589840-104590754	0.0344958789111089	1.76520545018172	0.052	0.017	1
chr1-87186682-87187557	0.0345302099959259	1.43379579696574	0.052	0.026	1
chr3-67556932-67557840	0.0345953072427811	0.734954550168283	0.145	0.095	1
chr19-5023590-5024501	0.0346864897683424	0.608525119076547	0.187	0.138	1
chr11-21424000-21424945	0.0347952655900741	1.49433647586775	0.052	0.017	1
chr15-53342881-53343797	0.0348054532184058	0.866505285807525	0.119	0.069	1
chr7-122258185-122259064	0.0348189334397234	1.70283256592978	0.052	0.017	1
chr13-100246762-100247688	0.0348776823729532	1.42377813582719	0.073	0.034	1
chr7-27536369-27537237	0.0350779925636632	0.861175507995451	0.062	0.043	1
chr9-65580862-65581717	0.0350831820786256	0.985323178032355	0.13	0.078	1
chrX-48284501-48285158	0.0351315262546486	0.754479769501093	0.155	0.103	1
chr14-79441169-79442091	0.035182862702386	1.26519429880508	0.073	0.034	1
chr4-86669368-86670217	0.035235706640131	0.76926464515059	0.171	0.103	1
chrX-164941274-164942194	0.0352831366154746	1.30144286603944	0.052	0.026	1
chr3-103206160-103207046	0.0353066826919329	1.30764547898296	0.073	0.034	1
chr6-122854214-122855106	0.0353294856606705	1.21360050849454	0.062	0.034	1
chr10-80569424-80570317	0.0353635000940851	0.810773397857795	0.104	0.06	1
chr17-17293807-17294726	0.0354099278910821	0.661996667503143	0.145	0.112	1
chr9-44492664-44493584	0.0356039817098734	0.802515138755915	0.067	0.043	1
chr10-88503545-88504439	0.0356935158018718	0.486407103480551	0.259	0.216	1
chr17-3083722-3084521	0.0358042731749165	0.61478212506944	0.176	0.138	1
chr7-79920223-79921141	0.0359348207395126	1.46206678340858	0.062	0.026	1
chr7-73606539-73607440	0.0360268676797046	1.09475900655891	0.098	0.06	1
chr16-92415490-92416396	0.0360501264269431	0.733588942186826	0.13	0.086	1
chr15-77931375-77932326	0.0360700468392431	1.64970606380495	0.052	0.017	1
chr5-134688372-134689278	0.0360712112050217	0.377376724302577	0.342	0.336	1
chr12-71544090-71545000	0.0362119113332181	1.25255125067025	0.062	0.034	1
chr1-171827458-171828362	0.0363742232197064	2.02658430680646	0.057	0.017	1
chr12-3806046-3806945	0.0364829255172382	0.546178511835159	0.145	0.121	1
chr14-32085142-32086025	0.0367121563721172	0.577242698612554	0.244	0.181	1
chr5-124475004-124475931	0.0367391316543929	1.54797773264732	0.073	0.026	1
chr17-35020901-35021797	0.0367403967806386	1.3492154171014	0.052	0.026	1
chr5-62846476-62847389	0.0367459990632227	1.2911347919699	0.078	0.034	1
chr11-102284432-102285310	0.0367677556014348	0.473182079762773	0.249	0.19	1
chr8-95888003-95888786	0.0369988204354161	0.971272239413371	0.119	0.069	1
chr15-66091862-66092758	0.0370316762970743	1.74879832682094	0.052	0.017	1
chr15-76251448-76252347	0.0370544563798727	1.17578729574397	0.067	0.034	1
chr4-135069517-135070466	0.0371342375226029	0.884661071184951	0.124	0.069	1
chr17-33915583-33916494	0.0371371562632515	0.357390846954749	0.269	0.233	1
chr9-37207758-37208675	0.0371733569197381	0.540262864754549	0.28	0.233	1
chr13-101658773-101659692	0.0372079336924348	1.84040555286389	0.057	0.017	1
chr12-36029054-36029923	0.0373470881298903	1.96825744094447	0.052	0.017	1
chr10-67646763-67647631	0.0374184638869581	1.90976379892447	0.052	0.017	1
chr11-80145638-80146568	0.0375575957113809	1.58389361617368	0.078	0.026	1
chr11-48872061-48872921	0.0375843878631687	0.853505193364042	0.104	0.078	1
chr17-36271031-36271967	0.0376689168667582	0.454265377730674	0.176	0.155	1
chr11-103359974-103360891	0.0378045639049084	0.864861273420534	0.135	0.078	1
chr3-136725022-136725964	0.037911258621326	0.622163513521502	0.088	0.06	1
chr17-5798191-5799110	0.0379117424011788	1.81023416953485	0.052	0.017	1
chr11-59809492-59810411	0.0380158425622643	0.4100094487891	0.259	0.233	1
chr9-42141495-42142393	0.0380441956276131	0.962459085907951	0.083	0.043	1
chr5-129008130-129008995	0.0382617280764761	0.644109967859437	0.14	0.103	1
chr9-22962031-22962947	0.0382897160924579	0.852269166500133	0.078	0.052	1
chr4-130896129-130897034	0.0383181634158792	1.4069280543018	0.057	0.026	1
chr14-63128711-63129603	0.038450981176259	0.555726657124114	0.176	0.147	1
chr15-79895503-79896274	0.0384805146936031	1.44481303798727	0.057	0.026	1
chr14-76329757-76330645	0.0385226301320595	1.87037428037356	0.052	0.017	1
chr17-84117911-84118824	0.0386205255874348	1.06804337527774	0.093	0.052	1
chr7-142094870-142095773	0.038638384882857	0.661952957227547	0.176	0.129	1
chr4-9682368-9683273	0.0386396832579876	1.93422654349453	0.052	0.017	1
chr12-111732211-111733122	0.0388029601675645	0.793503965529049	0.073	0.06	1
chr10-20348785-20349542	0.0388555763410145	1.78184145084678	0.057	0.017	1
chr18-53920873-53921712	0.0389068287045523	1.86016938153467	0.052	0.017	1
chr5-139365757-139366513	0.0390277187943135	0.929388344880216	0.119	0.069	1
chr19-46339231-46340056	0.0390347970115272	0.631502768263372	0.119	0.086	1
chr13-51734297-51735187	0.0391404882541104	1.00081667825963	0.093	0.052	1
chr2-167906483-167907393	0.0391665782946691	0.941282505549298	0.083	0.052	1
chr8-107587999-107588896	0.0393598803075816	0.746933554834176	0.161	0.112	1
chr3-95668742-95669602	0.0395756297664143	0.882292908244463	0.119	0.078	1
chr9-113796935-113797844	0.0396034537703118	1.07106755749085	0.052	0.026	1
chr10-81174734-81175568	0.0397993515239721	1.13919919186774	0.093	0.043	1
chr5-114922865-114923724	0.0398797971277153	1.12100382958115	0.093	0.052	1
chr2-91963247-91964141	0.0399306289334468	0.431375489734994	0.228	0.172	1
chr13-13889220-13890135	0.0399990878438398	1.01977254675357	0.093	0.052	1
chr7-84142803-84143734	0.0401534276153553	1.5203390279083	0.062	0.026	1
chr1-191182026-191182663	0.0402124391546855	0.805876258981283	0.088	0.06	1
chr12-51718375-51719286	0.0402571374945655	1.43650879064655	0.052	0.026	1
chr6-86371065-86371967	0.0402641151074386	0.673100757258476	0.13	0.103	1
chr12-112723829-112724751	0.0402830369026915	0.933007975573673	0.073	0.043	1
chr2-119741834-119742735	0.040292372176903	1.01343624095387	0.088	0.06	1
chr2-76049342-76050221	0.0403096794621476	1.51033482031538	0.052	0.017	1
chr11-120916201-120917110	0.0403933910989134	0.815068459809922	0.057	0.034	1
chr6-39230394-39231320	0.0404075685270561	0.717915256992984	0.104	0.069	1
chr15-12010102-12011045	0.0404216074580849	1.01131937741243	0.078	0.043	1
chr7-30193521-30194302	0.0404798326260956	0.809525417610748	0.088	0.052	1
chr13-60670348-60671263	0.0405329232226829	0.45362623421736	0.098	0.086	1
chr11-5789687-5790538	0.0406034650839156	1.54336739506216	0.062	0.017	1
chr1-13426226-13427092	0.0406663590594752	0.869104172014335	0.093	0.052	1
chr11-32643831-32644678	0.0406809539106808	0.935469682188625	0.109	0.069	1
chr12-84767255-84768137	0.0407275949835659	1.08331484659247	0.088	0.043	1
chr16-93798427-93799304	0.0408915398887111	0.910378116124774	0.083	0.052	1
chr3-135485174-135486063	0.0409135014371788	0.845359726449108	0.124	0.078	1
chr2-132102508-132103327	0.0409257639718121	0.758778896764446	0.098	0.069	1
chr5-137330637-137331547	0.0409419174052564	1.36985622488113	0.067	0.034	1
chr17-34187030-34187957	0.0410158877153218	0.434958419763839	0.233	0.19	1
chr13-41220005-41220918	0.0410203643062278	0.996484275733583	0.062	0.034	1
chr13-56165292-56166172	0.0410264727379068	1.96132311753496	0.052	0.017	1
chr7-127895209-127896107	0.0411127442544793	0.810842100694927	0.155	0.112	1
chr11-55097415-55098338	0.0411223690858632	0.392099437904836	0.337	0.276	1
chr4-117155627-117156539	0.0412776602121867	0.592431400661931	0.104	0.078	1
chr11-116616697-116617417	0.0413741270269694	0.97082018615286	0.093	0.052	1
chr17-35046408-35047318	0.0413950777363899	0.457672798570003	0.259	0.224	1
chr5-52190116-52190936	0.0413991099955002	0.544685533725638	0.187	0.138	1
chr3-135191600-135192505	0.0415574576707397	1.22502758120908	0.062	0.026	1
chrX-136741187-136742051	0.0415626479171566	0.387075466406105	0.254	0.216	1
chr10-96377266-96378182	0.0415735386165403	0.996903050131656	0.093	0.043	1
chr5-118413115-118414022	0.0417194739106913	1.33387185239037	0.067	0.026	1
chr7-104244008-104244887	0.0417646719252768	0.790828591633029	0.083	0.052	1
chr11-120627613-120628517	0.0418182444063064	1.66284033461371	0.067	0.026	1
chr11-109364648-109365560	0.0419541482940662	1.01538325039859	0.067	0.034	1
chr4-132567123-132567975	0.042011430026808	1.75291293554393	0.057	0.017	1
chr14-120275177-120276061	0.0420766944946513	0.974365329107713	0.104	0.069	1
chr6-99803973-99804867	0.0422411908906759	1.86509599670633	0.057	0.017	1
chr13-5592208-5593054	0.0425875071356254	1.49535907614261	0.062	0.026	1
chr8-14988829-14989806	0.0426238371918345	1.79273809357684	0.052	0.017	1
chr17-8158350-8159267	0.0426537454363675	1.62085459455365	0.052	0.017	1
chr16-36717228-36718148	0.0427577411281786	1.5334130739737	0.088	0.034	1
chr5-136171482-136172231	0.0427726913935775	1.32422961897243	0.073	0.034	1
chr12-111671897-111672801	0.0428121486447362	1.18731257335164	0.078	0.034	1
chr3-88771128-88771975	0.0428279428092161	1.23758823203423	0.078	0.043	1
chr17-34761225-34762138	0.0430417838169232	1.49984449842595	0.067	0.026	1
chr4-135017787-135018693	0.0430979297485502	1.01371975051788	0.073	0.034	1
chr7-127244004-127244913	0.0431374362775107	0.550902332104584	0.197	0.138	1
chr4-86671684-86672531	0.0432011457841964	1.85347545615442	0.057	0.017	1
chr7-99407342-99408242	0.0432285939988354	1.30175450611353	0.057	0.026	1
chr9-110709512-110710403	0.043342444296907	0.942116441954605	0.109	0.069	1
chr3-62506572-62507464	0.0433600425834599	0.849120073055476	0.13	0.095	1
chr19-46151962-46152872	0.0434359626923808	0.622523329715864	0.218	0.155	1
chr18-39801104-39801824	0.0434993886206121	1.89275064987711	0.057	0.017	1
chr3-95987487-95988315	0.0436941383474192	0.79131833135623	0.109	0.086	1
chr15-6579197-6580146	0.0437227937843958	1.40105186531793	0.062	0.026	1
chr7-30916890-30917796	0.0437746996211236	1.89724078566344	0.057	0.017	1
chr5-21131910-21132575	0.0438052958094139	1.25553091800002	0.073	0.034	1
chr10-60639072-60639922	0.0438185169321166	1.09016829895227	0.098	0.052	1
chr11-96909761-96910671	0.0438306834228472	1.52895266122831	0.057	0.017	1
chr1-91064703-91065631	0.0438476124217065	1.09909011199475	0.052	0.026	1
chr12-44221556-44222513	0.0440901577755719	1.00492698217907	0.057	0.034	1
chr1-64796979-64797888	0.0441174600392697	1.69290979609371	0.052	0.017	1
chr18-84685232-84686126	0.0441738799615061	0.358062715000752	0.238	0.216	1
chr19-3851345-3852203	0.0441764734899955	0.638661318000862	0.166	0.138	1
chr4-106987682-106988584	0.0442095221931896	1.28146612785064	0.057	0.026	1
chr17-47521271-47522187	0.0442300319287437	1.02855820394796	0.062	0.034	1
chr8-80324976-80325873	0.044314329942455	1.77591944499252	0.052	0.017	1
chr11-53891397-53892306	0.0443351312313183	0.426688625002559	0.342	0.293	1
chr4-133804227-133805096	0.044361883411484	0.757261700640999	0.114	0.069	1
chr12-35640647-35641584	0.0444098646549443	2.55934378978558	0.052	0.009	1
chr19-8997311-8998246	0.0445398868271	1.92330695052881	0.052	0.017	1
chr17-26561036-26561931	0.0445499193782828	0.789767936664993	0.098	0.069	1
chr18-31803650-31804540	0.0445514319783926	0.695463142448785	0.13	0.103	1
chr9-64452531-64453425	0.0447008811776686	0.808537742051179	0.119	0.086	1
chr10-82899684-82900571	0.0448040745272412	1.65708788412166	0.052	0.017	1
chr10-60350367-60351324	0.0448235915725568	1.26069527201049	0.093	0.043	1
chr11-96075407-96076332	0.0448513417190529	0.348309533804965	0.347	0.31	1
chr4-43470037-43470928	0.0449485328771464	1.40060364163498	0.073	0.034	1
chr2-28839991-28840924	0.0449740868835266	0.427724714890928	0.15	0.121	1
chrX-169978579-169979482	0.0450168448265961	0.371074152397238	0.218	0.19	1
chr13-110368354-110369259	0.0450334969988606	1.61032026286917	0.057	0.017	1
chr19-59388851-59389742	0.0451429039586496	1.2265378022735	0.067	0.034	1
chr11-117912424-117913335	0.0451915618131953	1.23412788333817	0.088	0.043	1
chr9-78527168-78527903	0.0452782048053985	0.677325433187217	0.155	0.112	1
chr7-100504707-100505633	0.0453156570077269	1.37422522019723	0.062	0.026	1
chr3-82357586-82358499	0.045426605979716	1.19508467560465	0.052	0.026	1
chr17-86967429-86968267	0.045618134754978	0.625214002499042	0.052	0.034	1
chr11-80779629-80780488	0.0456378752722667	0.812629201257169	0.088	0.052	1
chr10-116581324-116582208	0.0457062092921499	0.476550422163613	0.171	0.121	1
chr4-46563541-46564456	0.0459054034672377	1.17417742716121	0.083	0.043	1
chr10-8009609-8010520	0.045913834471558	1.46368689175484	0.057	0.026	1
chr9-56264369-56265273	0.0459175213686918	0.888355990299215	0.088	0.052	1
chr10-125748667-125749573	0.045929364435175	0.899696140546681	0.104	0.06	1
chr8-73313626-73314562	0.0459465905907273	1.3661929644628	0.057	0.026	1
chr7-16894777-16895688	0.0462741229511881	1.73343469979582	0.062	0.017	1
chr18-67542280-67543177	0.0463079001520978	1.26589850709273	0.057	0.017	1
chr2-73485128-73485966	0.0464761102190661	0.725929656645389	0.078	0.052	1
chrX-134058766-134059656	0.0465134511730209	0.891000986884803	0.135	0.095	1
chr9-58225857-58226745	0.0465624112771773	1.23183134884035	0.057	0.026	1
chr7-45124021-45124923	0.0465684120235893	0.503409115829557	0.223	0.181	1
chr1-86434070-86434968	0.0465762174668848	0.43967259217159	0.28	0.233	1
chr1-36683838-36684743	0.0467030187146052	0.857092529389566	0.078	0.052	1
chr9-109894493-109895400	0.0467626773235018	1.71204019715286	0.052	0.017	1
chr11-93887069-93887702	0.0468184395347663	1.95150606885496	0.062	0.017	1
chr2-170321684-170322435	0.0468875233114475	1.05125352209608	0.067	0.034	1
chr4-46390366-46391146	0.0469164454279017	1.43016732134372	0.073	0.034	1
chr6-140619458-140620302	0.0469370968736352	1.40502112628651	0.057	0.026	1
chr1-34439143-34440093	0.0469553238428275	0.424882344727122	0.332	0.302	1
chrX-48424412-48425263	0.0469784030009448	1.33943507359161	0.062	0.026	1
chr4-155481160-155482055	0.0470339048403129	1.15947186794539	0.067	0.034	1
chr4-40757423-40758311	0.0471036680579323	0.672093581194155	0.166	0.121	1
chr11-89023931-89024856	0.0471859529082601	0.629021616696485	0.218	0.164	1
chr12-81754416-81755329	0.0472406613964479	0.614762468963633	0.104	0.078	1
chr4-148643832-148644627	0.0473502303662125	1.11745623009709	0.078	0.034	1
chr3-59263603-59264493	0.0474144683164316	1.32668550946235	0.057	0.026	1
chr5-5419701-5420621	0.0474960555046408	0.63169694737091	0.14	0.095	1
chr15-100728417-100729174	0.0476325269325564	1.42947122655972	0.073	0.034	1
chr13-94098097-94098998	0.0476688126925967	0.891193050423694	0.104	0.06	1
chr4-55514479-55515377	0.0478206678857646	0.731670764953365	0.119	0.078	1
chr3-137981129-137981941	0.0479020390780423	0.876439464689674	0.088	0.052	1
chr4-154246192-154247108	0.0481545357392657	1.44025828062494	0.057	0.026	1
chr2-69205766-69206658	0.0481565302983301	0.662217295373713	0.145	0.095	1
chr11-60416782-60417661	0.0482081636991331	0.376049875258912	0.321	0.293	1
chr13-74166511-74167409	0.0482279524854634	1.23803706350553	0.052	0.026	1
chr7-49777955-49778880	0.0482662244880218	0.448359699364749	0.233	0.19	1
chr4-47333277-47334180	0.0482921528223453	1.15601139641183	0.093	0.043	1
chr11-69585610-69586519	0.048417971221156	1.64350617194171	0.078	0.026	1
chr1-127827078-127827973	0.0484231329268681	1.54815043025117	0.052	0.017	1
chr15-103162910-103163830	0.04852111409117	1.08259296688991	0.104	0.052	1
chr3-89246008-89246889	0.0486418585942824	0.882962409068896	0.109	0.069	1
chr18-34776589-34777367	0.048646734815824	0.529417791477329	0.233	0.172	1
chr7-139296481-139297248	0.0487407894474408	1.05817967094183	0.052	0.026	1
chr4-45513746-45514666	0.0487874290110821	1.38221934599209	0.078	0.034	1
chr8-85028478-85029367	0.048880741942443	1.07451981905268	0.062	0.034	1
chr6-120479046-120479904	0.0490736772203291	1.06083310253939	0.083	0.052	1
chr8-105344846-105345723	0.049112064490862	1.07818491664917	0.067	0.043	1
chr7-29505090-29505897	0.0491636259205452	1.62951413942373	0.052	0.017	1
chr7-24373462-24374394	0.0494530966600746	0.372172249651462	0.13	0.121	1
chr15-78572461-78573349	0.0494756937109303	1.28140033775651	0.088	0.034	1
chrX-12159858-12160720	0.0494798194850426	1.24673267526701	0.057	0.026	1
chr1-64925427-64926339	0.0494893136144785	1.08453439031578	0.088	0.043	1
chr5-149272223-149273146	0.049563190809287	1.34491319650925	0.052	0.026	1
chr14-67715417-67716330	0.0496789134361879	0.321820985675366	0.43	0.388	1
chr5-65247023-65247941	0.0499872342036196	1.6843938898996	0.052	0.017	1
