"gene","log2foldchange","p.value","FDR","direction"
"1110051M20Rik",-0.278797664137274,0.795560762439012,0.969252016178356,"ns"
"1110065P20Rik",0.265537815966221,0.232180692430066,0.810362051092249,"ns"
"1500009C09Rik",-1.23856626442084,0.383289058867566,0.852006260377939,"ns"
"1520401A03Rik",-0.0455336311461321,0.746704277351465,0.969252016178356,"ns"
"1700020L24Rik",-0.106885983603794,0.400688096233745,0.853426109426574,"ns"
"1700129C05Rik",0.0327785546353168,1,1,"ns"
"1810037I17Rik",-0.0684974211372413,0.497171335734048,0.8623450196294,"ns"
"2210016L21Rik",0.536788909137174,0.121059275529615,0.782361452538678,"ns"
"2310061I04Rik",-0.166235741284199,0.286844063776091,0.836694734504775,"ns"
"2810021J22Rik",0.179041029072835,0.383171397811042,0.852006260377939,"ns"
"4833439L19Rik",-0.203025551276456,0.437329785201329,0.853426109426574,"ns"
"4933403O08Rik",-0.0544183257060777,0.97422100633607,1,"ns"
"6430548M08Rik",0.135131799787743,0.674645702829436,0.933720799414453,"ns"
"AA467197",-0.451741846942831,0.279478188504002,0.836694734504775,"ns"
"Aars",0.212925649736854,0.196484351631202,0.787127490534719,"ns"
"Abhd12",0.0307284626171485,0.948494384563383,1,"ns"
"Acaa1a",-0.117288955628673,0.582857491481585,0.897867429486922,"ns"
"Acot7",0.090106829477183,0.539227745152369,0.886638024632629,"ns"
"Acsbg1",-0.0952871638566175,0.497277947539729,0.8623450196294,"ns"
"Actb",0.259242765937612,0.348692096554737,0.847466366030939,"ns"
"Actg1",0.345306802092047,0.0452814206103941,0.722680998471603,"ns"
"Actr1b",0.463813988981791,0.0488681799999892,0.722680998471603,"ns"
"Actr2",0.0931135936805378,0.871546690917801,0.992436679041117,"ns"
"Actr3",0.250763719500842,0.219803375374137,0.806874607101339,"ns"
"Adam23",0.219160727829369,0.477566220670293,0.8623450196294,"ns"
"Add3",0.00718879143942441,0.771288984351111,0.969252016178356,"ns"
"Adgrf3",0.0639213827757192,0.674797272891167,0.933720799414453,"ns"
"Adgrg1",0.402445259418436,0.457447524815085,0.856413282536519,"ns"
"Agap1",-0.588320748848193,0.0440075281019016,0.722680998471603,"down"
"Agfg2",0.0789296542245164,0.456666424968686,0.856413282536519,"ns"
"Ago2",0.374553157424704,0.331484065607212,0.847466366030939,"ns"
"Ahcyl1",-1.18982900914003,0.219232667156659,0.806874607101339,"ns"
"Ahcyl2",-0.415263601244239,0.183456342950701,0.782361452538678,"ns"
"AI413582",-0.0136976377788622,0.674797272891167,0.933720799414453,"ns"
"Aimp1",-0.281868568021878,0.219803375374137,0.806874607101339,"ns"
"Aip",-0.140453605097707,0.457447524815085,0.856413282536519,"ns"
"Akr1a1",0.689171714774622,0.0089082220988243,0.722680998471603,"up"
"Akr1c14",-0.365291160054953,0.163517840057683,0.782361452538678,"ns"
"Akt1",-0.0301874896508001,0.974214622087644,1,"ns"
"Akt1s1",0.219858191088108,0.457781268544678,0.856413282536519,"ns"
"Aldh1a1",0.0387327910952746,0.477457350223788,0.8623450196294,"ns"
"Aldh1l1",-0.00420741049343132,0.795907969931641,0.969252016178356,"ns"
"Aldoc",-0.0446762676765826,0.922808651163195,1,"ns"
"Alg10b",-0.291503698812801,0.31681936666253,0.847466366030939,"ns"
"Alyref",-0.0444153483670897,0.922808651163195,1,"ns"
"Ampd2",0.108717300548801,0.871704309242134,0.992436679041117,"ns"
"Amph",0.174545160066722,0.315499422289237,0.847466366030939,"ns"
"Ank1",0.107638260845061,0.974169799142099,1,"ns"
"Ank2",0.153279369876287,0.257457442554802,0.827793448915443,"ns"
"Ankmy2",-0.0431952495431851,0.871735763340169,0.992436679041117,"ns"
"Ankrd13b",-0.183950322349689,0.821130139804722,0.974905963534654,"ns"
"Anp32b",0.0950439821984785,0.560985367504245,0.889942120557918,"ns"
"Anxa2",-0.118020054241211,0.419280567659838,0.853426109426574,"ns"
"Anxa7",-0.0816302039351151,0.771178889467194,0.969252016178356,"ns"
"Ap2m1",-0.532869565067374,0.0565758750408732,0.722680998471603,"ns"
"Apba1",0.0503681315102331,0.722440506071191,0.960692326148538,"ns"
"Apbb1",0.393629076688509,0.219346893170191,0.806874607101339,"ns"
"Apc2",0.646767162801291,0.0656168699438857,0.722680998471603,"ns"
"Aplp1",-0.271060172136833,0.382700100920121,0.852006260377939,"ns"
"Aplp2",-0.0932144575445637,0.974240130666488,1,"ns"
"App",0.179436631609225,0.38305367154554,0.852006260377939,"ns"
"Aqp4",0.00802918557286736,0.948237984780621,1,"ns"
"Arf1",0.198633947061654,0.560985367504245,0.889942120557918,"ns"
"Arf4",0.0958987207822832,0.34845324374494,0.847466366030939,"ns"
"Arf6",0.112518829474826,0.457447524815085,0.856413282536519,"ns"
"Arhgap6",-0.0326006189920127,0.974227385844779,1,"ns"
"Arhgef10",-0.744606308386766,0.023799081972928,0.722680998471603,"down"
"Arid4a",-0.112102678895952,0.72171390139425,0.960692326148538,"ns"
"Arl2",0.296369513216979,0.419625618985246,0.853426109426574,"ns"
"Arl2bp",-0.134917924501817,0.79610558184559,0.969252016178356,"ns"
"Arl6ip4",-0.00541756988887432,0.897228453858979,0.99976884858572,"ns"
"Arl8a",-0.0535378137355336,0.974233760619635,1,"ns"
"Arpc4",0.271076914809469,0.207569375942606,0.804874675158286,"ns"
"Arpc5l",0.607210594897783,0.0704924641231515,0.722680998471603,"ns"
"Asb11",-0.182489404119136,0.219917390539491,0.806874607101339,"ns"
"Asrgl1",-0.470974792318345,0.301460621130874,0.842010700400028,"ns"
"Atg16l1",-0.0674341484791734,0.605219816238788,0.908231260055873,"ns"
"Atp1a2",0.0953037412382951,0.56088841706207,0.889942120557918,"ns"
"Atp1a3",0.482250223521997,0.11368175714048,0.782361452538678,"ns"
"Atp1b1",0.847290581081554,0.0420205817904089,0.722680998471603,"up"
"Atp1b2",-0.0210068088207436,1,1,"ns"
"Atp1b3",0.0363271218919321,0.974195440845304,1,"ns"
"Atp2b2",0.27178661688502,0.232296132866404,0.810362051092249,"ns"
"Atp2b3",0.339975859167564,0.129192636687282,0.782361452538678,"ns"
"Atp5a1",0.173697225226166,0.286724980282347,0.836694734504775,"ns"
"Atp5d",-0.0112361690647655,0.821043068461461,0.974905963534654,"ns"
"Atp5e",0.259494871078666,0.184548422893648,0.782361452538678,"ns"
"Atp5g3",0.342827223321627,0.0304628094165091,0.722680998471603,"ns"
"Atp5j2",-0.0137686839698503,0.922808651163195,1,"ns"
"Atp5mpl",0.209083374077742,0.300262380986571,0.842010700400028,"ns"
"Atp6v0c",0.0338600667715743,0.897127215147797,0.99976884858572,"ns"
"Atp6v0e2",0.03391721583121,0.974240130666488,1,"ns"
"Atp6v1b2",-0.0691099048857593,0.897228453858979,0.99976884858572,"ns"
"Atp6v1g1",-0.0892656190410208,0.820693507338274,0.974905963534654,"ns"
"Atp6v1g2",0.117254289343307,0.62812877833825,0.917612295348468,"ns"
"Atp8a2",0.23006517135964,0.231139705716736,0.810362051092249,"ns"
"Atp9a",0.383309866748281,0.065483396609092,0.722680998471603,"ns"
"Avpi1",-0.0586756755977227,0.605398336855757,0.908231260055873,"ns"
"Iftap",0.334614290005331,0.185310881396724,0.782361452538678,"ns"
"B2m",0.168231931373487,0.244811315790649,0.824776507235617,"ns"
"B4galnt1",-0.216182002371946,0.6277883627332,0.917612295348468,"ns"
"B4galnt2",-0.102423524207695,0.497810002143647,0.8623450196294,"ns"
"B4galt5",-2.17650538276944,0.69529694174457,0.950140147778276,"ns"
"Bace1",0.0759808006133,0.79610558184559,0.969252016178356,"ns"
"Basp1",0.484411691640514,0.457892381831016,0.856413282536519,"ns"
"Batf2",0.772638844537838,0.0962390655233593,0.77953643073921,"ns"
"Bbx",0.232851885609993,0.698038373702277,0.950140147778276,"ns"
"BC029722",-0.300575641094217,0.74646186209799,0.969252016178356,"ns"
"Bcas2",-0.254693596597731,0.349288131868402,0.847466366030939,"ns"
"Bcat1",0.0453629802908537,0.871704309242134,0.992436679041117,"ns"
"Bex2",0.201233043188218,0.438011654938937,0.853426109426574,"ns"
"Bicral",-0.00487338054321285,0.948519815500203,1,"ns"
"Bin1",0.242625627131213,0.0489799069301755,0.722680998471603,"ns"
"Bloc1s3",-0.494101284533128,0.13754103955724,0.782361452538678,"ns"
"Bmf",0.20538549368514,0.331363872296309,0.847466366030939,"ns"
"Bola2",0.0290988288100267,0.897177871882783,0.99976884858572,"ns"
"Brd4",0.0112388063080973,0.821130139804722,0.974905963534654,"ns"
"Brk1",0.290992149585681,0.40103792863784,0.853426109426574,"ns"
"Brms1l",-0.0695795579682925,0.79610558184559,0.969252016178356,"ns"
"Brsk1",0.230983105468407,0.417430084247442,0.853426109426574,"ns"
"Bsg",0.0218917089599069,0.746764772649745,0.969252016178356,"ns"
"Bsn",-0.0313617465260672,0.922827681745758,1,"ns"
"Btf3",0.367539865694033,0.0257659556099692,0.722680998471603,"ns"
"C1qb",0.0744337658638088,0.974214622087644,1,"ns"
"C1qc",0.175942585116441,0.72197878056146,0.960692326148538,"ns"
"C1qtnf4",0.537641544448353,0.0416153190794251,0.722680998471603,"up"
"C1ra",-0.194219036053854,0.897152552871645,0.99976884858572,"ns"
"C2cd4b",-0.171352880137137,0.517464671646295,0.872002213655537,"ns"
"Cab39",0.114155174085861,0.51829480831908,0.872002213655537,"ns"
"Cabp1",0.0429631330642439,0.871672831993087,0.992436679041117,"ns"
"Cacnb4",0.458269130381618,0.0565146881805544,0.722680998471603,"ns"
"Cadps",0.0962247316842557,0.517256471930731,0.872002213655537,"ns"
"Calm1",0.423860114447288,0.0870048227495409,0.722680998471603,"ns"
"Calm2",-0.0690664550914351,0.561082254117368,0.889942120557918,"ns"
"Calm3",0.145706582206039,0.364850184251352,0.852006260377939,"ns"
"Caln1",0.155676424475328,0.31681936666253,0.847466366030939,"ns"
"Camk1d",-0.438239582716323,0.155376061852585,0.782361452538678,"ns"
"Camk2n2",0.666620651360191,0.0183829552187042,0.722680998471603,"up"
"Cbarp",0.258910867277959,0.674721514307061,0.933720799414453,"ns"
"Cbx8",0.0501170734432135,0.871798602196613,0.992436679041117,"ns"
"Ccdc157",-0.118404123548942,0.722440506071191,0.960692326148538,"ns"
"Ccdc30",-0.125953188165189,0.79610558184559,0.969252016178356,"ns"
"Ccdc6",0.106992226967936,0.922865700723369,1,"ns"
"Ccdc71l",0.133074768131933,0.456666424968686,0.856413282536519,"ns"
"Ccdc85b",0.113731474665466,0.518087672356028,0.872002213655537,"ns"
"Ccl27a",-0.0243335869082721,0.974124741632616,1,"ns"
"Ccl5",-0.153972865465566,0.897101858688179,0.99976884858572,"ns"
"Ccnq",0.169098401286496,0.722440506071191,0.960692326148538,"ns"
"Cct5",0.380980462584251,0.0237297940955236,0.722680998471603,"ns"
"Cd164",-0.179455246857292,0.674417950420127,0.933720799414453,"ns"
"Cd209c",0.0113702867227619,0.871641331564617,0.992436679041117,"ns"
"Cd63",0.00974336772336204,0.974227385844779,1,"ns"
"Cd9",-0.301998726873283,0.184330275549379,0.782361452538678,"ns"
"Cd99",0.0712737378968455,0.583137059938968,0.897867429486922,"ns"
"Cdk11b",0.179149547138905,0.497277947539729,0.8623450196294,"ns"
"Cdk13",-0.0619348865992086,0.560985367504245,0.889942120557918,"ns"
"Cdk16",0.276063957010421,0.155171676742731,0.782361452538678,"ns"
"Cdk3",-0.137361415320307,0.258400945989494,0.827793448915443,"ns"
"Cdk5r2",0.213220656653463,0.497384492291428,0.8623450196294,"ns"
"Cds2",0.310818068415024,0.348094493231579,0.847466366030939,"ns"
"Celf2",-0.0549302826440514,0.516316256604835,0.872002213655537,"ns"
"Cend1",0.376309020854623,0.129003325298939,0.782361452538678,"ns"
"Cenph",-0.153635728403952,0.560985367504245,0.889942120557918,"ns"
"Cep170b",-0.096369926484436,0.974208233093632,1,"ns"
"Cep350",-0.250869010953337,0.400921384064598,0.853426109426574,"ns"
"Cep57l1",-0.437905810151499,0.154864913256286,0.782361452538678,"ns"
"Cfl1",0.526115560538389,0.0870048227495409,0.722680998471603,"ns"
"Chchd10",0.0345076547705667,0.796154895217782,0.969252016178356,"ns"
"Chchd3",-0.197826691182107,0.437671024174301,0.853426109426574,"ns"
"Chd4",-0.05380786504863,1,1,"ns"
"Chga",0.167412428274306,0.517880271296486,0.872002213655537,"ns"
"Chic2",-0.117752750154965,0.165192157819796,0.782361452538678,"ns"
"Chmp4b",-0.0680652175707301,1,1,"ns"
"Chmp5",-0.373355396933559,0.301460621130874,0.842010700400028,"ns"
"Chst1",-0.106260413612949,0.539328190347644,0.886638024632629,"ns"
"Ciart",-0.487844298718496,0.0996763516884743,0.782361452538678,"ns"
"Cic",-0.10073186978316,0.771123782390117,0.969252016178356,"ns"
"Cilk1",-0.124206553948443,0.651217497646163,0.92677945115876,"ns"
"Cit",0.187782552385692,0.332563047139719,0.847466366030939,"ns"
"CK137956",-0.619238527906723,0.0303396244349737,0.722680998471603,"down"
"Clic4",-0.200793561357749,0.795907969931641,0.969252016178356,"ns"
"Clip2",0.224169178844706,0.332802148670555,0.847466366030939,"ns"
"Clip3",0.0752814063815945,0.560791402721181,0.889942120557918,"ns"
"Clock",1.47169572142185,0.0305039053256353,0.722680998471603,"up"
"Clptm1",0.264270511569467,0.258283183892959,0.827793448915443,"ns"
"Cltc",-0.465114349998651,1,1,"ns"
"Clu",0.112890426880893,0.795759383432487,0.969252016178356,"ns"
"Cmpk2",0.113102191731826,0.820955869853998,0.974905963534654,"ns"
"Cnp",-0.58758075705872,0.0182963829884508,0.722680998471603,"down"
"Cntnap2",0.522730413403143,0.174710803814973,0.782361452538678,"ns"
"Coa5",-0.12103289121585,0.400103714843742,0.853426109426574,"ns"
"Colq",-0.404528998812304,0.0326832475435952,0.722680998471603,"ns"
"Copg1",-0.00544841966332177,0.698109521853943,0.950140147778276,"ns"
"Cops9",-0.378544209779633,0.129192636687282,0.782361452538678,"ns"
"Coro1c",-0.175259760177215,0.771178889467194,0.969252016178356,"ns"
"Cotl1",0.18312934869814,0.476364938568179,0.8623450196294,"ns"
"Cox17",-0.217181549958629,0.0755165876349351,0.722680998471603,"ns"
"Cox4i1",-0.223042729780337,0.4977037249155,0.8623450196294,"ns"
"Cox5a",0.233807033502056,0.518398277063976,0.872002213655537,"ns"
"Cox5b",0.144970812207728,0.383406654772516,0.852006260377939,"ns"
"Cox6a1",0.0477127366036587,0.582950743180157,0.897867429486922,"ns"
"Cox7a2",0.207867201420743,0.146399099282964,0.782361452538678,"ns"
"Cox7a2l",-0.110456765490089,0.560985367504245,0.889942120557918,"ns"
"Cox8c",-0.374008789550727,0.348572701535572,0.847466366030939,"ns"
"Cpe",0.225536909313202,0.383289058867566,0.852006260377939,"ns"
"Cpeb4",0.282360928310038,0.400571352855392,0.853426109426574,"ns"
"Cplx1",0.0837822047316248,0.349049905495072,0.847466366030939,"ns"
"Crcp",-0.192694278795663,0.605398336855757,0.908231260055873,"ns"
"Creb1",0.0145782669208261,0.846375621243227,0.991404914673818,"ns"
"Crip3",-0.174766332489888,0.383524185583232,0.852006260377939,"ns"
"Crk",0.450092936695048,0.155171676742731,0.782361452538678,"ns"
"Cryab",0.334551468042703,0.0793303517479883,0.722680998471603,"ns"
"Crybb2",0.00462110506177016,0.974252856599544,1,"ns"
"Csde1",0.259649930207154,0.332084111784152,0.847466366030939,"ns"
"Csn2",-0.435793935015272,0.0153163445112114,0.722680998471603,"ns"
"Csnk1g2",-0.0367899487351315,1,1,"ns"
"Csrp1",0.0240250001328941,0.974208233093632,1,"ns"
"Ctnna2",0.315611412195363,0.128435000658805,0.782361452538678,"ns"
"Ctsd",-0.215031964679612,0.477021195768817,0.8623450196294,"ns"
"Cttn",-0.15284774003943,0.419395651580088,0.853426109426574,"ns"
"Ctxn1",0.0544550026309256,0.794356746616087,0.969252016178356,"ns"
"Cul3",-0.215772598652834,0.497277947539729,0.8623450196294,"ns"
"Cuta",0.494083053360184,0.0704229131800879,0.722680998471603,"ns"
"Cwf19l1",0.0644986981593672,0.583137059938968,0.897867429486922,"ns"
"Cx3cl1",-0.069449587285805,0.722374686001625,0.960692326148538,"ns"
"Cxcl10",-0.0941268174232834,0.650814150210371,0.92677945115876,"ns"
"Cycs",0.222516109824835,0.438238405090886,0.853426109426574,"ns"
"Cyfip2",0.209567480631598,0.330761982726993,0.847466366030939,"ns"
"Cyp20a1",-0.236888249276086,0.79610558184559,0.969252016178356,"ns"
"Cyp21a1",0.0146056500030345,0.948468915901077,1,"ns"
"Cyp2d12",-0.611871689724425,0.365801045273638,0.852006260377939,"ns"
"Cys1",-1.24330073155757,0.582109229109603,0.897867429486922,"ns"
"Cystm1",-0.0370428682782453,0.846300535681384,0.991404914673818,"ns"
"D930048N14Rik",-0.302467867841555,0.300862217519132,0.842010700400028,"ns"
"Dazap1",-0.326347005365168,0.0993414219733729,0.782361452538678,"ns"
"Dazap2",0.34711716095778,0.0652832353618749,0.722680998471603,"ns"
"Dclk1",-0.154469108271454,0.746764772649745,0.969252016178356,"ns"
"Ddit3",0.0426681496551344,0.845657831802815,0.991404914673818,"ns"
"Ddx24",0.0580327176678543,0.948519815500203,1,"ns"
"Ddx55",-0.147003605644739,0.286248096888093,0.836694734504775,"ns"
"Ddx58",-0.373389770440911,0.231487106254118,0.810362051092249,"ns"
"Ddx6",0.8105906421756,0.796006847660414,0.969252016178356,"ns"
"Defa40",-0.160905569395771,0.301460621130874,0.842010700400028,"ns"
"Derl3",0.753455710842963,0.698251667570343,0.950140147778276,"ns"
"Dhx16",-0.378671266593678,0.0701447567276775,0.722680998471603,"ns"
"Dlg1",0.0320001955572966,0.897127215147797,0.99976884858572,"ns"
"Dlg4",0.0798093321323385,0.457224691770214,0.856413282536519,"ns"
"Dnajb6",0.0442014196744278,0.948417865026219,1,"ns"
"Dnajc27",-0.08821816401246,0.821086620021765,0.974905963534654,"ns"
"Dnm2",-0.332956636417933,0.207681906182489,0.804874675158286,"ns"
"Dpysl2",0.248939580167449,0.0277200542993752,0.722680998471603,"ns"
"Drap1",0.211621113634267,0.974214622087644,1,"ns"
"Dtx3l",-0.446765991620313,0.137249278370776,0.782361452538678,"ns"
"Dusp3",-0.529476602166076,0.897228453858979,0.99976884858572,"ns"
"Pwwp4b",-0.0284786016321177,0.67456983839681,0.933720799414453,"ns"
"Dync1i2",0.249918093411314,0.331484065607212,0.847466366030939,"ns"
"Dynll2",0.237304004297327,0.383289058867566,0.852006260377939,"ns"
"Dynlrb1",0.415287330879329,0.0281080017444721,0.722680998471603,"ns"
"Dzank1",0.507150168032414,0.129003325298939,0.782361452538678,"ns"
"E230025N22Rik",-0.227078988630139,0.438011654938937,0.853426109426574,"ns"
"Eapp",0.204489232500837,0.4977037249155,0.8623450196294,"ns"
"Ebf3",0.602315380088346,0.948519815500203,1,"ns"
"Eef1a2",0.697432959405528,0.0060437442841826,0.722680998471603,"up"
"Eef1b2",0.325150227675445,0.137054675599374,0.782361452538678,"ns"
"Eef2",0.213731829599366,0.286844063776091,0.836694734504775,"ns"
"Efcab1",0.144198594360693,1,1,"ns"
"Efhd2",0.386877976995144,0.301460621130874,0.842010700400028,"ns"
"Egln1",-0.184820262277525,0.348811428853625,0.847466366030939,"ns"
"Egln2",0.598925734716786,0.106323613546358,0.782361452538678,"ns"
"Eif1",0.104085952917819,0.627958687033744,0.917612295348468,"ns"
"Eif3m",0.200266182327259,0.331844277197488,0.847466366030939,"ns"
"Eif4a3",-0.138651107990278,0.846300535681384,0.991404914673818,"ns"
"Eif4ebp1",0.241543055158548,0.164669694672536,0.782361452538678,"ns"
"Eif4ebp2",-0.107393903296321,0.771398920526329,0.969252016178356,"ns"
"Eif5a",0.480812418345715,0.0603835266787828,0.722680998471603,"ns"
"Elavl3",0.202106301148941,0.438238405090886,0.853426109426574,"ns"
"Elob",0.29284174939038,0.438125063674006,0.853426109426574,"ns"
"Elof1",-0.0905512378898243,0.8464131227842,0.991404914673818,"ns"
"Elovl1",-0.0052670550387619,0.821173627848952,0.974905963534654,"ns"
"Emc10",0.220902986652519,0.174817553364948,0.782361452538678,"ns"
"Enah",0.388028370016277,0.164878763015272,0.782361452538678,"ns"
"Endod1",-0.483412404051676,0.846074616731649,0.991404914673818,"ns"
"Eng",0.549024896588579,0.120506959783968,0.782361452538678,"ns"
"Eno1",0.563449819339767,0.0566370715242834,0.722680998471603,"ns"
"Eno2",0.569735212699177,0.137346551175482,0.782361452538678,"ns"
"Enoph1",-0.000565489959658549,1,1,"ns"
"Enpp5",-0.0467139437253921,0.698109521853943,0.950140147778276,"ns"
"Epb41",0.579594473772239,0.0697971698862496,0.722680998471603,"ns"
"Epb41l1",0.796242106476915,0.0116962378724582,0.722680998471603,"up"
"Eps8",-0.350711243231919,0.47734841257846,0.8623450196294,"ns"
"Erdr1",0.234812471397549,0.348572701535572,0.847466366030939,"ns"
"Erf",-0.12474437294188,0.561179076970995,0.889942120557918,"ns"
"Erfl",0.469192204730984,0.651056326132991,0.92677945115876,"ns"
"Erich3",-0.361982526329548,0.349169049939753,0.847466366030939,"ns"
"Erlec1",0.0552384650273963,0.79610558184559,0.969252016178356,"ns"
"Etf1",-0.238519270672252,0.477239407666284,0.8623450196294,"ns"
"Evi2a",-0.321918112486585,0.583137059938968,0.897867429486922,"ns"
"Faim2",0.334817246560662,0.154967192518562,0.782361452538678,"ns"
"Fam111a",0.21658830600336,0.419050199070252,0.853426109426574,"ns"
"Fam120b",0.154355460836348,0.846375621243227,0.991404914673818,"ns"
"Fam13b",0.0320595158563592,1,1,"ns"
"Fam168a",-0.470357314529812,0.0450685632578637,0.722680998471603,"ns"
"Fam222a",-0.265266356473212,0.25863631974661,0.827793448915443,"ns"
"Cyria",-0.299997047113842,0.628213736782431,0.917612295348468,"ns"
"Cyrib",0.233310102936198,0.286009325035666,0.836694734504775,"ns"
"Fam71f1",-0.277043393987095,0.419510668667668,0.853426109426574,"ns"
"Fau",0.21721956501867,0.348692096554737,0.847466366030939,"ns"
"Fbxo44",0.205842866828341,0.365919614202782,0.852006260377939,"ns"
"Fbxw7",0.274263095424213,0.207906848663869,0.804874675158286,"ns"
"Fcer1g",-0.0973157249740884,0.821173627848952,0.974905963534654,"ns"
"Fdx2",-0.0580869844177823,0.298937671980506,0.842010700400028,"ns"
"Fgf12",0.143200768014679,0.457670087990939,0.856413282536519,"ns"
"Fkbp2",-0.0197636516989315,0.896949325182832,0.99976884858572,"ns"
"Fkbp3",-0.151598774259319,0.45733614205966,0.856413282536519,"ns"
"Flot2",0.0755581865162012,0.796056232674243,0.969252016178356,"ns"
"Fnbp1",0.157498470673693,0.419165416844169,0.853426109426574,"ns"
"Ftl1",0.153579672622099,0.231834101650017,0.810362051092249,"ns"
"Fxyd1",-0.108698262761636,0.28636740022148,0.836694734504775,"ns"
"Fxyd5",0.725410994957353,0.0448559201477726,0.722680998471603,"up"
"Fyn",0.0691865372666793,0.45688993502849,0.856413282536519,"ns"
"Gabarap",-0.327554864217046,0.401270819401271,0.853426109426574,"ns"
"Gabarapl1",0.254845959272792,0.31681936666253,0.847466366030939,"ns"
"Gabarapl2",0.194277506158356,0.121151280740935,0.782361452538678,"ns"
"Gabra1",-0.0802902231888276,0.603240018147777,0.908231260055873,"ns"
"Gabrb3",-0.0549112915481147,0.560694324411809,0.889942120557918,"ns"
"Gad2",-0.360927952016879,0.0923998661708115,0.760133274045817,"ns"
"Gapdh",0.106997766677085,0.382935880013588,0.852006260377939,"ns"
"Gatm",-0.556775580585524,0.137249278370776,0.782361452538678,"ns"
"Gbp2",0.0646408108985987,0.92238638362493,1,"ns"
"Gbp3",0.0595351202023577,0.948328159726727,1,"ns"
"Gbp6",-0.33071845459313,0.76797279631003,0.969252016178356,"ns"
"Gcsh",0.0487818050187192,0.771178889467194,0.969252016178356,"ns"
"Gfap",-0.260869234903822,0.437443599213236,0.853426109426574,"ns"
"Gimap1",0.749414947460109,0.746522531124147,0.969252016178356,"ns"
"Gin1",-0.00619501575116121,0.795957426760704,0.969252016178356,"ns"
"Gkap1",-0.14647878673496,0.53912723468813,0.886638024632629,"ns"
"Glipr2",-0.0529604850008214,0.437671024174301,0.853426109426574,"ns"
"Glo1",0.394672358383523,0.129192636687282,0.782361452538678,"ns"
"Glrb",0.432978725805074,0.0698666774292359,0.722680998471603,"ns"
"Gls",0.105660558084784,0.561082254117368,0.889942120557918,"ns"
"Glul",0.244074859678779,0.286486648540997,0.836694734504775,"ns"
"Gm10265",0.205294167686489,0.383524185583232,0.852006260377939,"ns"
"Gm13271",-0.378052267064888,0.0702142886828401,0.722680998471603,"ns"
"Gm14295",0.0973591283346797,0.517776471180595,0.872002213655537,"ns"
"Gm17660",-0.381923104220179,0.120783178505526,0.782361452538678,"ns"
"Gm3248",-0.257021490926071,0.400337666870431,0.853426109426574,"ns"
"Gm35486",0.170973712445106,0.438011654938937,0.853426109426574,"ns"
"LOC118568792",0.360656165676381,0.0450153823213636,0.722680998471603,"ns"
"Gm40755",0.0836681652133815,0.477457350223788,0.8623450196294,"ns"
"LOC118567992",-0.0267161409725172,0.673884665333995,0.933720799414453,"ns"
"Gm46041",-0.545010599418658,0.0485890758562184,0.722680998471603,"down"
"Gm46272",-0.0949591131008827,0.948494384563383,1,"ns"
"Gm46650",-0.182631525281593,0.331243617515121,0.847466366030939,"ns"
"Gm46773",0.384492693406278,0.164669694672536,0.782361452538678,"ns"
"Gm46840",-0.170830801903779,0.286605841882631,0.836694734504775,"ns"
"LOC118568705",0.228544123591612,0.871735763340169,0.992436679041117,"ns"
"Gm52215",-0.112032368811522,0.698322665252931,0.950140147778276,"ns"
"Gm52298",-0.159426627058319,0.363536007975092,0.852006260377939,"ns"
"Gm52481",-0.262778477177102,0.185745833936058,0.782361452538678,"ns"
"Gm52523",0.334019362714486,0.0758061199865533,0.722680998471603,"ns"
"Gm52799",-0.254743762873921,0.154864913256286,0.782361452538678,"ns"
"Pwwp4c",-0.300547050680076,0.286486648540997,0.836694734504775,"ns"
"Gm7137",-0.10567953063891,0.771453829217232,0.969252016178356,"ns"
"Gm8909",0.114284225574691,0.922675041711846,1,"ns"
"Gm9758",-0.156982188057793,0.383524185583232,0.852006260377939,"ns"
"Gna12",0.196869087078907,0.539629135019442,0.886638024632629,"ns"
"Gnao1",0.0191247320300598,0.796204172834072,0.969252016178356,"ns"
"Gnb1",0.376170605134182,0.650814150210371,0.92677945115876,"ns"
"Gng11",-0.557022157416017,0.271897540010209,0.836694734504775,"ns"
"Gng12",0.322716722387342,0.215439434728934,0.806874607101339,"ns"
"Got2",-0.533249328582875,0.0328996978554516,0.722680998471603,"down"
"Gpm6a",0.347348940407567,0.121151280740935,0.782361452538678,"ns"
"Gpm6b",-0.312054283059746,0.582857491481585,0.897867429486922,"ns"
"Gpr162",0.0520294516349304,0.846375621243227,0.991404914673818,"ns"
"Grin1",0.247720668250943,0.332563047139719,0.847466366030939,"ns"
"Grp",0.34082662772969,0.51829480831908,0.872002213655537,"ns"
"Gsdma",-0.211141338320594,0.56088841706207,0.889942120557918,"ns"
"Gsk3a",-0.0767590587816116,0.94837947714391,1,"ns"
"Gspt1",0.470348201666476,0.0656168699438857,0.722680998471603,"ns"
"Gtsf1l",-0.217294136465443,0.286248096888093,0.836694734504775,"ns"
"H13",0.0174846759329159,0.184984314797861,0.782361452538678,"ns"
"H1f0",-0.0565506629917949,0.97422100633607,1,"ns"
"H2ac10",-0.0661991848381196,0.770236620750761,0.969252016178356,"ns"
"H2aj",-0.0437918139815183,0.7455465699312,0.969252016178356,"ns"
"H2az1",-0.07100758485418,0.871483480733036,0.992436679041117,"ns"
"H2bc11",-0.110734172469487,0.651217497646163,0.92677945115876,"ns"
"H2bc8",0.177434555761908,0.771178889467194,0.969252016178356,"ns"
"H2bu2",0.161729045602115,1,1,"ns"
"H2-T23",-0.309338172362381,0.769451835340117,0.969252016178356,"ns"
"H3f3b",-0.110820073865418,0.382700100920121,0.852006260377939,"ns"
"H4c11",-0.297880037483243,0.137151986507679,0.782361452538678,"ns"
"H4c17",0.276309637632534,0.383289058867566,0.852006260377939,"ns"
"Habp4",0.181888699809631,0.437329785201329,0.853426109426574,"ns"
"Hap1",0.587572754787898,0.45733614205966,0.856413282536519,"ns"
"Hdac2",-0.216894853428498,0.382109506987927,0.852006260377939,"ns"
"Hdgf",-0.98329906081655,0.437898178820692,0.853426109426574,"ns"
"Hemgn",-0.202190117674982,0.419395651580088,0.853426109426574,"ns"
"Herc4",-0.45060926319585,0.155171676742731,0.782361452538678,"ns"
"Hipk3",-0.416905566156776,0.0870048227495409,0.722680998471603,"ns"
"Hk1",0.0938744983807429,0.79610558184559,0.969252016178356,"ns"
"Hmga1",0.255994908234978,0.217629063363587,0.806874607101339,"ns"
"Hmga2",-0.0338805256803667,0.974246495991181,1,"ns"
"Hmx1",-0.382303139355527,0.0867706124567994,0.722680998471603,"ns"
"Hnrnpa1",0.00801289693091745,0.650894931424011,0.92677945115876,"ns"
"Hnrnpa2b1",0.382084808899526,0.183456342950701,0.782361452538678,"ns"
"Hnrnpc",-0.202247548162525,0.538926017672135,0.886638024632629,"ns"
"Hnrnpk",0.399142217503388,0.437215903414536,0.853426109426574,"ns"
"Hnrnpu",0.250267758633003,0.0949793528414886,0.77529657784564,"ns"
"Hoxb3",0.00388327629555452,0.821217084193009,0.974905963534654,"ns"
"Hoxb4",0.0145529244195797,0.722374686001625,0.960692326148538,"ns"
"Hrg",2.1928894682092,0.627361529136069,0.917612295348468,"ns"
"Hsp90aa1",0.466219703726657,0.0387225045735772,0.722680998471603,"ns"
"Hsp90ab1",0.252669416262379,0.196373671559822,0.787127490534719,"ns"
"Hsp90b1",0.629877749840811,0.0258760795115137,0.722680998471603,"up"
"Hspa4l",0.0417385725675419,0.722374686001625,0.960692326148538,"ns"
"Hspa8",-0.0495918098259178,0.974252856599544,1,"ns"
"Hypk",0.425341649280405,0.0808345598803241,0.722680998471603,"ns"
"Ier5l",0.19269794869858,0.497490970058481,0.8623450196294,"ns"
"Ifi27l2a",0.413785627887201,0.219346893170191,0.806874607101339,"ns"
"Ifih1",0.270733967111594,0.345325139481176,0.847466366030939,"ns"
"Ifit1",-0.260118989114029,0.271303278769315,0.836694734504775,"ns"
"Ifit2",-0.210680919334776,0.34737529044152,0.847466366030939,"ns"
"Ifitm3",0.269008469361226,0.300142241288315,0.842010700400028,"ns"
"Igfbp4",0.408129224087334,0.60495158199465,0.908231260055873,"ns"
"Igip",-0.096029284987968,0.627703113043577,0.917612295348468,"ns"
"Igtp",0.105684818500143,0.820121076025456,0.974905963534654,"ns"
"Ihh",0.0117536137554293,0.922865700723369,1,"ns"
"Il18",-0.0735751220842529,0.974201839348149,1,"ns"
"Ilrun",-0.143928884730253,0.518087672356028,0.872002213655537,"ns"
"Impact",0.0903266483278,0.456778213933251,0.856413282536519,"ns"
"Bpnt2",0.462340022027668,0.00882406394930666,0.722680998471603,"ns"
"Inafm2",-0.0768434135787617,0.604682802135059,0.908231260055873,"ns"
"Inpp5e",-0.211465844111881,0.496316018992109,0.8623450196294,"ns"
"Ins1",-0.193971739658091,0.365444954099883,0.852006260377939,"ns"
"Insig1",-0.452429306990685,0.418588657132802,0.853426109426574,"ns"
"Insl3",0.0340212360427583,0.674721514307061,0.933720799414453,"ns"
"Ints1",-0.866916317452354,0.365444954099883,0.852006260377939,"ns"
"Ipo5",0.00101963205892597,0.771068635492475,0.969252016178356,"ns"
"Iqcf3",-0.409839796665509,0.145201022610556,0.782361452538678,"ns"
"Iqcm",-0.323451687829362,0.155171676742731,0.782361452538678,"ns"
"Irf7",-0.152812509475668,0.871578261055508,0.992436679041117,"ns"
"Irgm1",0.198595967569187,0.974124741632616,1,"ns"
"Irgm2",0.617793946414951,0.347855011424551,0.847466366030939,"ns"
"Isca1",-0.225626818968507,0.517464671646295,0.872002213655537,"ns"
"Iscu",-0.223389712067853,0.89707648346969,0.99976884858572,"ns"
"Isg15",0.422505379982564,0.183237523871007,0.782361452538678,"ns"
"Isg20",-0.266981348766009,0.40103792863784,0.853426109426574,"ns"
"Itgb8",-0.113239535695723,0.582670801101326,0.897867429486922,"ns"
"Jcad",-0.507852185806168,0.0750823751127177,0.722680998471603,"ns"
"Jund",0.0608730272065658,0.673271980863715,0.933720799414453,"ns"
"Kars",0.59514403019089,0.627958687033744,0.917612295348468,"ns"
"Kcna1",0.147004317525585,0.477021195768817,0.8623450196294,"ns"
"Kcna2",-0.147241504972057,0.6277883627332,0.917612295348468,"ns"
"Kcnab1",0.15047011046346,0.627361529136069,0.917612295348468,"ns"
"Kcnc1",0.27806616333265,0.164983255648338,0.782361452538678,"ns"
"Kctd17",0.0280557538241779,0.820912222729269,0.974905963534654,"ns"
"Kdm6b",-0.120820330435401,0.746704277351465,0.969252016178356,"ns"
"Kdm7a",-0.272142188037401,0.219689318069928,0.806874607101339,"ns"
"Kif1a",0.216954350440123,0.0526904638432899,0.722680998471603,"ns"
"Kif3a",-0.109863872654864,0.348572701535572,0.847466366030939,"ns"
"Kif5a",0.00729327814153002,0.871704309242134,0.992436679041117,"ns"
"Kif5b",-0.0622928878765103,0.948456167393702,1,"ns"
"Kif5c",0.350322564938797,0.0281468932015862,0.722680998471603,"ns"
"Klc1",0.554938378272654,0.0523980362869293,0.722680998471603,"ns"
"Klc2",0.0277453755003569,0.871641331564617,0.992436679041117,"ns"
"Klhl34",-0.0159875961576286,0.821086620021765,0.974905963534654,"ns"
"Lamp2",0.00997450746386441,0.674645702829436,0.933720799414453,"ns"
"Lamp5",0.191588900124129,0.33232370163779,0.847466366030939,"ns"
"Lamtor1",0.0264346365169104,0.74646186209799,0.969252016178356,"ns"
"Laptm4a",0.0598511729368219,0.79610558184559,0.969252016178356,"ns"
"Lat",0.234964006810404,0.56088841706207,0.889942120557918,"ns"
"Layn",-0.0781532040343689,0.651056326132991,0.92677945115876,"ns"
"Lce1a1",0.173579042765769,0.746643738698973,0.969252016178356,"ns"
"Lce1e",-0.183951616708613,0.746704277351465,0.969252016178356,"ns"
"Lcn12",0.352842064865252,1,1,"ns"
"Ldhb",0.309347765680638,0.185419669837896,0.782361452538678,"ns"
"Lgals1",-0.361421340176836,0.315739946920231,0.847466366030939,"ns"
"Lgals8",-0.247453830800213,0.496744216581295,0.8623450196294,"ns"
"Lig1",0.293315208748653,0.0995926281776239,0.782361452538678,"ns"
"Limk1",0.292722261156377,0.206667716551815,0.804874675158286,"ns"
"Lnpk",0.188443334529405,0.497171335734048,0.8623450196294,"ns"
"Lpcat2b",-0.873150953261976,0.087160956130953,0.722680998471603,"ns"
"Lrch3",-0.133871385797486,0.419165416844169,0.853426109426574,"ns"
"Lrp11",0.035746680022136,0.948519815500203,1,"ns"
"Lrpap1",0.233022169457308,0.272134875304362,0.836694734504775,"ns"
"Lrr1",0.596525734872351,0.0568819530792097,0.722680998471603,"ns"
"Lrrc4",-0.0791559630204728,0.650894931424011,0.92677945115876,"ns"
"Lrrc4b",-0.127848505350217,0.28636740022148,0.836694734504775,"ns"
"Lsamp",0.508810059757737,0.0489799069301755,0.722680998471603,"up"
"Lsm6",-0.521333078639021,0.0488681799999892,0.722680998471603,"down"
"Lxn",-0.385189330853005,0.286724980282347,0.836694734504775,"ns"
"Ly6c1",0.484377729069405,0.0808345598803241,0.722680998471603,"ns"
"Lztfl1",0.144320955762002,0.87160980792826,0.992436679041117,"ns"
"Mafa",-0.517256286182566,0.0488681799999892,0.722680998471603,"down"
"Map1a",-0.391122169398775,0.316939005988062,0.847466366030939,"ns"
"Map1b",0.338649406342988,0.155376061852585,0.782361452538678,"ns"
"Map2",0.159300649263593,0.383524185583232,0.852006260377939,"ns"
"Map2k1",-0.0539953207752237,0.560110507297063,0.889942120557918,"ns"
"Map3k10",0.175883870893625,0.401154407063335,0.853426109426574,"ns"
"Map4k4",-0.262071527556617,0.6277883627332,0.917612295348468,"ns"
"Map7d1",-0.135885187293539,0.419510668667668,0.853426109426574,"ns"
"Mapk8",0.0396576584316222,0.897203172204234,0.99976884858572,"ns"
"Mapk8ip1",-0.191358858166961,0.674341926752606,0.933720799414453,"ns"
"Mapk9",0.387336008964465,0.155376061852585,0.782361452538678,"ns"
"Mapkapk2",0.10055183171105,0.604413474814916,0.908231260055873,"ns"
"Mapre2",0.243048740708317,0.185093203880228,0.782361452538678,"ns"
"Marcks",-0.332764199667397,0.243875426302551,0.824776507235617,"ns"
"Marf1",0.0454590164821451,1,1,"ns"
"Mbd3",0.0757005844516327,0.897177871882783,0.99976884858572,"ns"
"Mbp",-0.32911218789659,0.457892381831016,0.856413282536519,"ns"
"Mcemp1",-0.19120871283243,0.244577629634199,0.824776507235617,"ns"
"Mcl1",0.120542887306248,0.4977037249155,0.8623450196294,"ns"
"Mdh1",0.322034755990267,0.18312806392514,0.782361452538678,"ns"
"Med13",-0.115265303877558,0.820737314515622,0.974905963534654,"ns"
"Metap2",0.299379688964209,0.419280567659838,0.853426109426574,"ns"
"Mettl9",-0.0831760046523584,0.92269417125998,1,"ns"
"Mfn2",-8.96504757448291e-05,0.948456167393702,1,"ns"
"Mgat1",-0.0214664115047833,0.871102250058597,0.992436679041117,"ns"
"Mgat4a",-0.164158888243136,0.948519815500203,1,"ns"
"Mid1ip1",-0.202208373705144,0.332203937278751,0.847466366030939,"ns"
"Mif",0.250376510758549,0.206893367802251,0.804874675158286,"ns"
"Mlf2",0.413596810351093,0.230907880020643,0.810362051092249,"ns"
"Mllt10",0.0816933618118649,0.67456983839681,0.933720799414453,"ns"
"Mllt3",-0.119110961042706,0.538825310979802,0.886638024632629,"ns"
"Mllt6",0.185574833527078,0.438238405090886,0.853426109426574,"ns"
"Mmut",-0.371228267362208,0.137151986507679,0.782361452538678,"ns"
"Mobp",-0.374487027641187,0.583137059938968,0.897867429486922,"ns"
"Morf4l1",0.00990829817264416,0.722506279382906,0.960692326148538,"ns"
"Morf4l2",0.277315332162174,0.174817553364948,0.782361452538678,"ns"
"Morn1",-0.204114084828253,0.232180692430066,0.810362051092249,"ns"
"Mplkip",-0.478709933588897,0.332682628377762,0.847466366030939,"ns"
"Mpp2",-0.0246842091415078,1,1,"ns"
"Mrfap1",0.0123608316121704,0.974182629543908,1,"ns"
"Mrm2",0.393904630811131,0.0656168699438857,0.722680998471603,"ns"
"Mrpl18",0.196738503049765,0.457670087990939,0.856413282536519,"ns"
"Mrpl40",-0.00435114292940542,0.795957426760704,0.969252016178356,"ns"
"Mrpl43",0.0637247149467521,0.770792302014217,0.969252016178356,"ns"
"Mrpl52",-0.0814933280044174,0.674417950420127,0.933720799414453,"ns"
"Mrps7",0.0208813423468843,0.922770547723781,1,"ns"
"Msl2",-0.0161041752341222,0.922846698260042,1,"ns"
"Msx3",-0.238332218287293,0.145700604000446,0.782361452538678,"ns"
"Mt1",0.218815475747943,0.217514202512078,0.806874607101339,"ns"
"Mtch2",-0.131065074937723,0.419740502595415,0.853426109426574,"ns"
"Mtmr1",0.165323066723496,0.871515097486529,0.992436679041117,"ns"
"Mtpap",-0.0720620491384332,0.286486648540997,0.836694734504775,"ns"
"Mtss2",0.142218924416555,0.698038373702277,0.950140147778276,"ns"
"Mx1",-0.467741729031673,0.0355968218596936,0.722680998471603,"ns"
"Myl6",-0.0929246044396672,0.497490970058481,0.8623450196294,"ns"
"Myo5a",-0.218946724994701,0.229862429061717,0.810362051092249,"ns"
"Myorg",1.12741502776971,0.185310881396724,0.782361452538678,"ns"
"Myt1l",0.0194920475801093,0.974240130666488,1,"ns"
"N6amt1",-0.334241039984406,0.16508772058437,0.782361452538678,"ns"
"Naca",0.182774641027509,0.348811428853625,0.847466366030939,"ns"
"Nap1l5",0.0908893735974585,0.871735763340169,0.992436679041117,"ns"
"Nars",-0.179186933024849,0.496957910682894,0.8623450196294,"ns"
"Nbea",-1.14166047599843,0.697610426956071,0.950140147778276,"ns"
"Ncdn",0.446287600099559,0.0166268775621678,0.722680998471603,"ns"
"Nckap1",0.258450407656823,0.38281802315765,0.852006260377939,"ns"
"Ncor1",0.108603773955609,0.437329785201329,0.853426109426574,"ns"
"Ndn",0.924599029432289,0.207681906182489,0.804874675158286,"ns"
"Ndrg2",0.19759202871604,0.231834101650017,0.810362051092249,"ns"
"Ndufa10",0.15698789226468,0.560694324411809,0.889942120557918,"ns"
"Ndufa12",0.160836419306339,0.381754362348562,0.852006260377939,"ns"
"Ndufa13",0.0747700342226736,0.721248536843307,0.960692326148538,"ns"
"Ndufa2",0.144770714510936,0.583230125136804,0.897867429486922,"ns"
"Ndufa7",0.32073226952967,0.0868486838807257,0.722680998471603,"ns"
"Ndufab1",0.282988672100506,0.34845324374494,0.847466366030939,"ns"
"Ndufb5",0.232674536678371,0.316699668213698,0.847466366030939,"ns"
"Ndufb9",-0.0121917187368266,0.76831663782279,0.969252016178356,"ns"
"Ndufs3",0.269932424872386,0.6277883627332,0.917612295348468,"ns"
"Ndufs8",-0.366830831954824,0.560694324411809,0.889942120557918,"ns"
"Nedd8",0.260280175112602,0.258165371614067,0.827793448915443,"ns"
"Nefh",0.378230601783709,0.0418685008952167,0.722680998471603,"ns"
"Nefl",0.155027034717195,0.27225346396441,0.836694734504775,"ns"
"Nefm",0.501593202657447,0.0561477708178961,0.722680998471603,"ns"
"Neurog2",-0.174164739235521,0.400804773283345,0.853426109426574,"ns"
"Nf1",-0.0764213912130214,0.561082254117368,0.889942120557918,"ns"
"Nfe2l1",0.255729481225097,0.196484351631202,0.787127490534719,"ns"
"Nif3l1",-0.190730088110787,0.476583961768131,0.8623450196294,"ns"
"Nkx1-2",0.0777208131366605,1,1,"ns"
"Nme2",-0.233215848329633,0.31681936666253,0.847466366030939,"ns"
"Nmnat3",0.0719995787880672,0.821086620021765,0.974905963534654,"ns"
"Nmt1",0.182104111114077,0.164669694672536,0.782361452538678,"ns"
"Nova2",0.253528126575902,0.476474484075383,0.8623450196294,"ns"
"Npc2",-0.312947620479625,0.400337666870431,0.853426109426574,"ns"
"Npffr1",0.240889492594754,0.300262380986571,0.842010700400028,"ns"
"Nploc4",-0.347500537096956,0.196041412626568,0.787127490534719,"ns"
"Npm3",-0.0194683998231637,0.496744216581295,0.8623450196294,"ns"
"Nppa",-0.0933349354987723,0.605398336855757,0.908231260055873,"ns"
"Nptx1",0.397421719261787,0.120691119095571,0.782361452538678,"ns"
"Nr1h2",-0.00408919855769341,0.97422100633607,1,"ns"
"Nr3c1",-0.0210622130869167,0.7459749372721,0.969252016178356,"ns"
"Nrgn",-0.0568680127736778,0.974208233093632,1,"ns"
"Nrn1",-0.281527443538501,0.457447524815085,0.856413282536519,"ns"
"Nrsn1",-0.286767754419382,0.196262955040187,0.787127490534719,"ns"
"Nsd3",0.114298384589258,0.518087672356028,0.872002213655537,"ns"
"Nsf",0.598196330971709,0.032640007724247,0.722680998471603,"up"
"Nsg1",0.463595376567267,0.196262955040187,0.787127490534719,"ns"
"Nsmce3",0.264362292912554,0.316939005988062,0.847466366030939,"ns"
"Nsmf",-0.16062931778166,0.257221063482592,0.827793448915443,"ns"
"Nsrp1",0.380418188315767,0.286248096888093,0.836694734504775,"ns"
"Nub1",0.163571403397579,0.582857491481585,0.897867429486922,"ns"
"Nudt3",-0.401778219848603,0.174604023648777,0.782361452538678,"ns"
"Oasl2",0.0816068613924514,0.435614405152824,0.853426109426574,"ns"
"Oat",-0.0446376543315763,0.796154895217782,0.969252016178356,"ns"
"Oaz1",-0.100741438244607,0.434577764514885,0.853426109426574,"ns"
"Oaz2",0.110100918932627,0.23171848150134,0.810362051092249,"ns"
"Ociad1",0.419006487951983,0.0811354519058525,0.722680998471603,"ns"
"Olfr1231",-0.0615108626145959,0.605309106723281,0.908231260055873,"ns"
"Olfr1377",-0.300241153889775,0.301221431316277,0.842010700400028,"ns"
"Olfr1507",-0.171531093677422,0.871483480733036,0.992436679041117,"ns"
"Olfr394",-0.143608515837995,0.477457350223788,0.8623450196294,"ns"
"Olfr509",-0.843516224464221,0.00214126123255472,0.722680998471603,"down"
"Olfr796",-0.108967435807158,0.771178889467194,0.969252016178356,"ns"
"Olfr906",-0.363225396872337,0.065483396609092,0.722680998471603,"ns"
"Olfr92",0.00457258580594422,0.974118285578075,1,"ns"
"Olfr93",-0.311472177879868,0.0419191802672685,0.722680998471603,"ns"
"Olig2",0.228107091207258,0.145700604000446,0.782361452538678,"ns"
"Osbp",0.135553103041285,0.871704309242134,0.992436679041117,"ns"
"Osbpl1a",0.129646046588788,0.582577362281404,0.897867429486922,"ns"
"Ostm1",0.462031505714903,0.517776471180595,0.872002213655537,"ns"
"Otos",-0.149789201314871,0.560791402721181,0.889942120557918,"ns"
"Otud6b",-0.22614264687715,0.365444954099883,0.852006260377939,"ns"
"Ovca2",-0.0641408020500469,0.922655897955753,1,"ns"
"Ovch2",-0.140616703576897,0.438464886229607,0.853426109426574,"ns"
"Oxct1",-0.655827912569884,0.301221431316277,0.842010700400028,"ns"
"Oxld1",-0.375602949914983,0.196484351631202,0.787127490534719,"ns"
"Pafah1b2",0.204853861879922,0.0352774435514378,0.722680998471603,"ns"
"Paip2",0.332949050405328,0.146000090523751,0.782361452538678,"ns"
"Pam",0.506558662022997,0.00887451071532013,0.722680998471603,"up"
"Panx2",0.196663516978199,0.184330275549379,0.782361452538678,"ns"
"Park7",-0.225318563629614,0.65113693975696,0.92677945115876,"ns"
"Parm1",-0.300128450045276,0.185419669837896,0.782361452538678,"ns"
"Parp14",0.216302801408898,0.381517269837588,0.852006260377939,"ns"
"Pcbd2",0.0586913042219299,0.539428570343983,0.886638024632629,"ns"
"Pcbp2",0.207409612584172,0.51798400499828,0.872002213655537,"ns"
"Pcdh18",0.242531410743202,0.348094493231579,0.847466366030939,"ns"
"Pcdhgb7",-0.273598235474528,0.16508772058437,0.782361452538678,"ns"
"Pcmt1",0.589794195876171,0.0200137684741014,0.722680998471603,"up"
"Pcp4",-0.184896396222145,0.196484351631202,0.787127490534719,"ns"
"Pcp4l1",0.250102322360937,0.175137618316137,0.782361452538678,"ns"
"Pcsk1n",0.480062599115439,0.120783178505526,0.782361452538678,"ns"
"Pdcd10",0.068289779266093,0.650975656710095,0.92677945115876,"ns"
"Pdcd6",-0.192861346858132,0.332563047139719,0.847466366030939,"ns"
"Pde1b",-0.356018068680441,0.155376061852585,0.782361452538678,"ns"
"Pdia3",-0.0969220306840444,0.771123782390117,0.969252016178356,"ns"
"Pdzd3",0.0709725806823207,0.922751474832131,1,"ns"
"Pea15a",-0.102829496453611,0.539328190347644,0.886638024632629,"ns"
"Pebp1",0.385664993007651,0.120875224393504,0.782361452538678,"ns"
"Pfdn1",0.302138111887656,0.271897540010209,0.836694734504775,"ns"
"Pfdn2",-0.606779416532567,0.121151280740935,0.782361452538678,"ns"
"Pfdn4",0.772360113172292,0.00882406394930666,0.722680998471603,"up"
"Pfdn5",0.0539434580394422,0.897000245029382,0.99976884858572,"ns"
"Pfdn6",-0.337160989083156,0.164565118970222,0.782361452538678,"ns"
"Pfkm",-0.398035293700425,0.795858477129676,0.969252016178356,"ns"
"Pfn1",-0.103424024961818,0.87160980792826,0.992436679041117,"ns"
"Pgam1",0.478046509513843,0.0484775201005714,0.722680998471603,"ns"
"Pgk1",-0.17704911388654,0.698109521853943,0.950140147778276,"ns"
"Pgls",-0.295221001149947,0.349288131868402,0.847466366030939,"ns"
"Pgs1",-0.230105126918329,0.698038373702277,0.950140147778276,"ns"
"Phactr3",0.344961048813008,0.0451749652717182,0.722680998471603,"ns"
"Phospho1",0.234971430871042,0.796154895217782,0.969252016178356,"ns"
"Phyhipl",0.461192211000298,0.0523395838254296,0.722680998471603,"ns"
"Pi4ka",-0.0433327427978085,0.796056232674243,0.969252016178356,"ns"
"Pianp",-0.0942886605412689,0.771123782390117,0.969252016178356,"ns"
"Pik3ap1",0.318525331763978,0.897127215147797,0.99976884858572,"ns"
"Pin1",0.249126995959698,0.113592478843555,0.782361452538678,"ns"
"Pink1",-0.0595298082057933,0.922808651163195,1,"ns"
"Pip4k2a",-0.0645232331606311,0.922827681745758,1,"ns"
"Pip5k1c",-0.0209317765866004,0.948456167393702,1,"ns"
"Pitpna",0.0102951731078265,0.896974794543595,0.99976884858572,"ns"
"Pja2",0.0750059031903465,0.674037299442885,0.933720799414453,"ns"
"Pkm",0.229566572364599,0.185528424739101,0.782361452538678,"ns"
"Pkp4",-0.0188608395947267,0.674493920947601,0.933720799414453,"ns"
"Plcb4",-0.337182958797976,0.185310881396724,0.782361452538678,"ns"
"Plp1",-0.543536845416555,0.245044811451807,0.824776507235617,"ns"
"Plscr2",0.162452800285262,0.846375621243227,0.991404914673818,"ns"
"Pnkd",-0.00885856330503509,0.795858477129676,0.969252016178356,"ns"
"Pnpt1",-0.236317030964365,0.438125063674006,0.853426109426574,"ns"
"Podxl",-0.285913641245455,0.245161487905744,0.824776507235617,"ns"
"Poglut1",-0.0980806004727555,0.770736915183102,0.969252016178356,"ns"
"Polr2f",0.152109488219407,0.539328190347644,0.886638024632629,"ns"
"Polr2m",-0.0109576024705151,0.922751474832131,1,"ns"
"Pomp",0.395274732460606,0.0386743351361395,0.722680998471603,"ns"
"Pou2f2",-0.0164288238337646,0.419165416844169,0.853426109426574,"ns"
"Ppdpf",-0.610847298137501,0.120322746607747,0.782361452538678,"ns"
"Ppfibp1",-0.00276248285780634,0.948494384563383,1,"ns"
"Ppia",0.0365368529908219,0.871767194315557,0.992436679041117,"ns"
"Ppm1b",0.230629714368062,0.196484351631202,0.787127490534719,"ns"
"Ppm1d",0.276274041224026,0.185419669837896,0.782361452538678,"ns"
"Ppp1cb",-0.200319391184113,0.348811428853625,0.847466366030939,"ns"
"Ppp1r12c",0.40470021459305,0.871641331564617,0.992436679041117,"ns"
"Ppp1r18",0.842541065398365,1,1,"ns"
"Ppp1r9b",0.409110635017012,0.0326832475435952,0.722680998471603,"ns"
"Ppp2ca",0.0260675817976033,0.583043932643001,0.897867429486922,"ns"
"Prkar1a",0.229537806309889,0.164983255648338,0.782361452538678,"ns"
"Prm1",0.186176295048946,0.258047509125032,0.827793448915443,"ns"
"Prr23a2",0.079504977996828,1,1,"ns"
"Prr3",0.0243620630961274,0.746157862495485,0.969252016178356,"ns"
"Psap",0.213852871798445,0.437898178820692,0.853426109426574,"ns"
"Psip1",-0.100241376638691,0.746643738698973,0.969252016178356,"ns"
"Psmb7",-0.094295136724321,0.383171397811042,0.852006260377939,"ns"
"Psmb8",0.396226542026978,0.219232667156659,0.806874607101339,"ns"
"Psmc1",0.333486407966044,0.419625618985246,0.853426109426574,"ns"
"Psmd8",-0.341100479958347,0.137249278370776,0.782361452538678,"ns"
"Ptgds",-0.20217036175655,0.65113693975696,0.92677945115876,"ns"
"Ptma",-0.186750188728953,0.518398277063976,0.872002213655537,"ns"
"Ptms",-0.0464776012195731,0.722572005992062,0.960692326148538,"ns"
"Ptprd",-0.339805774674949,0.185202059412014,0.782361452538678,"ns"
"Ptprs",0.281398549666796,0.475375965955906,0.8623450196294,"ns"
"Purb",0.132929980489684,0.605041053942436,0.908231260055873,"ns"
"Pxmp4",0.0666143839402151,0.79610558184559,0.969252016178356,"ns"
"Qdpr",-0.0891761487811427,0.698251667570343,0.950140147778276,"ns"
"Qk",0.195566529480432,0.184984314797861,0.782361452538678,"ns"
"R3hdm2",0.0204525386185086,0.796006847660414,0.969252016178356,"ns"
"Rab11b",0.0480001729883441,0.582857491481585,0.897867429486922,"ns"
"Rab21",-0.109084494803735,0.674417950420127,0.933720799414453,"ns"
"Raf1",-1.09166354742474,0.419395651580088,0.853426109426574,"ns"
"Ralgapa1",-0.135991944744898,0.846262951593296,0.991404914673818,"ns"
"Ranbp1",0.245006079350953,0.272134875304362,0.836694734504775,"ns"
"Rap1gap",0.272556236019555,0.38305367154554,0.852006260377939,"ns"
"Rasgrf1",0.208909731974383,0.364731037105801,0.852006260377939,"ns"
"Raver1",-0.207579897171244,0.583137059938968,0.897867429486922,"ns"
"Rbbp6",0.041428936666231,0.948468915901077,1,"ns"
"Rbm3",-0.159818189386042,0.438125063674006,0.853426109426574,"ns"
"Rbmxl1",-0.24541037404589,0.286128738504831,0.836694734504775,"ns"
"Rev3l",-0.361210757027077,0.315980233475873,0.847466366030939,"ns"
"Rgl2",-0.239935990719123,0.231371351116647,0.810362051092249,"ns"
"Rgs19",-0.656658331549309,0.112699096413369,0.782361452538678,"ns"
"Rhou",-0.0641525471006466,0.871767194315557,0.992436679041117,"ns"
"Ripply2",-0.257469445003919,0.185745833936058,0.782361452538678,"ns"
"Rmnd5a",0.0838706544691341,0.922770547723781,1,"ns"
"Rnaset2a",0.00029977777317125,0.650814150210371,0.92677945115876,"ns"
"Rnd2",0.344571389780389,0.0867706124567994,0.722680998471603,"ns"
"Rnf11",0.0378760719627862,0.605309106723281,0.908231260055873,"ns"
"Rnf14",0.0881845367129532,0.651217497646163,0.92677945115876,"ns"
"Rnf208",0.416723775464463,0.332563047139719,0.847466366030939,"ns"
"Rnf213",-0.0769500436352679,0.974208233093632,1,"ns"
"Rnf38",-0.529636212132158,0.0527489821920668,0.722680998471603,"ns"
"Rnf7",8.99489908796625e-05,0.897051089469188,0.99976884858572,"ns"
"Rpl10",-0.089447630853567,0.207569375942606,0.804874675158286,"ns"
"Rpl10a",-0.0562838970270958,0.497064656804947,0.8623450196294,"ns"
"Rpl11",0.064985904699939,1,1,"ns"
"Rpl12",0.0875087952282807,0.974227385844779,1,"ns"
"Rpl13",-0.0848293382350969,0.365444954099883,0.852006260377939,"ns"
"Rpl13a",0.151296511777611,0.245044811451807,0.824776507235617,"ns"
"Rpl14",-0.114266356900333,0.974246495991181,1,"ns"
"Rpl15",0.290547664031647,0.128624507157089,0.782361452538678,"ns"
"Rpl17",-0.337882855756293,0.0870828901397958,0.722680998471603,"ns"
"Rpl18",0.463769226316569,0.0756613482335521,0.722680998471603,"ns"
"Rpl18a",0.277182765771965,0.456666424968686,0.856413282536519,"ns"
"Rpl21",-0.200825413468707,0.51829480831908,0.872002213655537,"ns"
"Rpl22",-0.249082841168233,0.181702025309216,0.782361452538678,"ns"
"Rpl23",-0.134102373794759,0.477566220670293,0.8623450196294,"ns"
"Rpl27",-0.0943774944490965,0.746522531124147,0.969252016178356,"ns"
"Rpl28",-0.0645059776452208,0.821130139804722,0.974905963534654,"ns"
"Rpl29",0.202086263305278,0.6277883627332,0.917612295348468,"ns"
"Rpl31",0.0982201854068245,0.6277883627332,0.917612295348468,"ns"
"Rpl35",-0.279654889001831,0.0811354519058525,0.722680998471603,"ns"
"Rpl36",0.104681009613902,0.400571352855392,0.853426109426574,"ns"
"Rpl36a",-0.156612905082841,0.722440506071191,0.960692326148538,"ns"
"Rpl36al",-0.0464378675158725,0.821173627848952,0.974905963534654,"ns"
"Rpl37",0.451677126646184,0.00867359157950011,0.722680998471603,"ns"
"Rpl37a",-0.192982586534413,0.196041412626568,0.787127490534719,"ns"
"Rpl38",0.235357964853965,0.419165416844169,0.853426109426574,"ns"
"Rpl4",0.0819293658197502,0.419510668667668,0.853426109426574,"ns"
"Rpl41",0.179257574196921,0.438351679254481,0.853426109426574,"ns"
"Rpl5",0.155920248934738,0.477021195768817,0.8623450196294,"ns"
"Rpl6",0.108850074107881,0.674493920947601,0.933720799414453,"ns"
"Rpl7a",-0.371030980644596,0.113503189585208,0.782361452538678,"ns"
"Rpl9",0.518417427485477,0.0327697775037323,0.722680998471603,"up"
"Rplp0",0.275025249325945,0.146199638737981,0.782361452538678,"ns"
"Rplp1",0.181607383557533,0.582857491481585,0.897867429486922,"ns"
"Rpn2",-0.272901251793799,0.383171397811042,0.852006260377939,"ns"
"Rps10",0.120243322775137,0.896719247697193,0.99976884858572,"ns"
"Rps11",-0.107445998059327,0.698180619790307,0.950140147778276,"ns"
"Rps12",-0.191285446817373,0.627873554041118,0.917612295348468,"ns"
"Rps14",-0.13469589216598,0.795957426760704,0.969252016178356,"ns"
"Rps15",-1.21206121314991,1,1,"ns"
"Rps15a",-0.321869414214484,0.457224691770214,0.856413282536519,"ns"
"Rps17",-0.35793875659716,0.174497212866559,0.782361452538678,"ns"
"Rps18",0.357939662286801,0.0650164459871799,0.722680998471603,"ns"
"Rps19",-0.118296790111415,0.401270819401271,0.853426109426574,"ns"
"Rps2",0.0280165574717399,0.674797272891167,0.933720799414453,"ns"
"Rps20",-0.18101510632623,0.300502487870831,0.842010700400028,"ns"
"Rps21",0.0835006292046434,0.746704277351465,0.969252016178356,"ns"
"Rps23",0.138562906644962,0.560985367504245,0.889942120557918,"ns"
"Rps24",0.00178391953729218,1,1,"ns"
"Rps25",0.0868154116269686,0.257339278221094,0.827793448915443,"ns"
"Rps26",-0.0847783962305506,0.286844063776091,0.836694734504775,"ns"
"Rps28",0.121843534254932,0.365801045273638,0.852006260377939,"ns"
"Rps29",0.17911411075704,0.272372000008978,0.836694734504775,"ns"
"Rps3",0.0268985824356087,0.821086620021765,0.974905963534654,"ns"
"Rps3a1",-0.415319726049478,0.185528424739101,0.782361452538678,"ns"
"Rps5",0.125456641017867,0.674493920947601,0.933720799414453,"ns"
"Rps6",0.132937583406382,0.51829480831908,0.872002213655537,"ns"
"Rps6kb2",0.18047407420464,0.821217084193009,0.974905963534654,"ns"
"Rps8",-0.052992562184337,1,1,"ns"
"Rpsa",-0.0972206632779864,0.922808651163195,1,"ns"
"Rrp1",-0.188972635395034,0.974240130666488,1,"ns"
"Rrp36",-0.27602288802256,0.16508772058437,0.782361452538678,"ns"
"Rtn1",-0.0170867347744528,0.722374686001625,0.960692326148538,"ns"
"Rundc3a",0.28086170567793,0.0566370715242834,0.722680998471603,"ns"
"Rxrb",-0.278145678614352,0.651297999864656,0.92677945115876,"ns"
"S100a16",-0.350832340525413,0.128719236073421,0.782361452538678,"ns"
"S100a9",-0.124743432863658,0.897152552871645,0.99976884858572,"ns"
"Samd9l",0.0556838207677535,0.897152552871645,0.99976884858572,"ns"
"Samhd1",0.0127056357770612,0.74658315664049,0.969252016178356,"ns"
"Scand1",0.037397032995941,0.922770547723781,1,"ns"
"Scd1",-0.129510193236539,0.771178889467194,0.969252016178356,"ns"
"Scn1a",0.155780326659966,0.605309106723281,0.908231260055873,"ns"
"Scn1b",0.201514508722,0.301341054801934,0.842010700400028,"ns"
"Scn4b",0.140601228991952,0.38305367154554,0.852006260377939,"ns"
"Scoc",0.689622278622343,0.00402727717684274,0.722680998471603,"up"
"Sdcbp",0.289568966701525,0.300502487870831,0.842010700400028,"ns"
"Sdhd",0.136765730030914,0.476802713985301,0.8623450196294,"ns"
"Sdr42e1",0.13939342241168,0.582109229109603,0.897867429486922,"ns"
"Selenow",0.176778202080095,0.0756613482335521,0.722680998471603,"ns"
"Sem1",0.295552264030589,0.145900283566017,0.782361452538678,"ns"
"Serbp1",0.248531393038468,0.365682412316385,0.852006260377939,"ns"
"Serinc1",0.148553710466037,0.477239407666284,0.8623450196294,"ns"
"Serpina9",-0.60754088673269,0.00543988648558193,0.722680998471603,"down"
"Serpine2",0.225098725905036,0.457558840103278,0.856413282536519,"ns"
"Sf3b2",0.461988372304798,0.0655501300463928,0.722680998471603,"ns"
"Sfxn5",0.012673310942855,0.771123782390117,0.969252016178356,"ns"
"Sh2d4b",-0.105695316769319,0.628298637175921,0.917612295348468,"ns"
"Sh3gl2",0.483864450233227,0.00407286222171932,0.722680998471603,"ns"
"Shoc2",-0.207737724828286,0.560694324411809,0.889942120557918,"ns"
"Shroom2",-0.332032997174367,0.145900283566017,0.782361452538678,"ns"
"Slc16a9",0.403757988532875,0.113324578266689,0.782361452538678,"ns"
"Slc25a23",-0.134794360672904,0.38305367154554,0.852006260377939,"ns"
"Slc25a4",0.595422447716509,0.0304217306150837,0.722680998471603,"up"
"Slc4a4",0.266110859366275,0.270707695751734,0.836694734504775,"ns"
"Slc6a11",-0.0146674311760076,0.771233956771591,0.969252016178356,"ns"
"Slc6a5",-0.319205861628528,0.820737314515622,0.974905963534654,"ns"
"Slc9a1",-0.327067481446605,0.0386261808996721,0.722680998471603,"ns"
"Slc9a3r1",0.15542922905594,1,1,"ns"
"Slfn4",-0.485252736969843,0.128908645160297,0.782361452538678,"ns"
"Smarcc2",-0.0365477942886918,1,1,"ns"
"Smc3",-0.156424993131516,0.497916212663509,0.8623450196294,"ns"
"Smcp",0.461430377878505,0.561179076970995,0.889942120557918,"ns"
"Smdt1",-0.00469487509674549,0.871735763340169,0.992436679041117,"ns"
"Smim22",-2.39673417302199,0.0644165650977161,0.722680998471603,"ns"
"Smyd2",0.352504334840943,0.218660903546756,0.806874607101339,"ns"
"Snap25",0.38237029424733,0.175030960615634,0.782361452538678,"ns"
"Snca",-0.242078122593837,0.419395651580088,0.853426109426574,"ns"
"Sncb",0.145565033264301,0.419625618985246,0.853426109426574,"ns"
"Snrpa",0.11691716652229,0.796204172834072,0.969252016178356,"ns"
"Snrpb",-0.0509565763192086,0.821043068461461,0.974905963534654,"ns"
"Snu13",-0.323513971889489,0.244811315790649,0.824776507235617,"ns"
"Socs1",-0.0559560302645552,0.745607897898682,0.969252016178356,"ns"
"Socs3",0.276976030238531,0.67411353629043,0.933720799414453,"ns"
"Son",0.302832157358591,0.457558840103278,0.856413282536519,"ns"
"Sparcl1",0.395023469618212,0.0757337327303653,0.722680998471603,"ns"
"Specc1",0.129804239416835,0.771068635492475,0.969252016178356,"ns"
"Speer2",-0.155878764983489,0.383289058867566,0.852006260377939,"ns"
"Speer4b",0.115220554732742,0.438011654938937,0.853426109426574,"ns"
"Spg20",-0.352914444643897,0.232180692430066,0.810362051092249,"ns"
"Spink12",-0.172795962278123,0.583137059938968,0.897867429486922,"ns"
"Spock1",0.376618552332295,0.128908645160297,0.782361452538678,"ns"
"Spock2",0.529671542161167,0.0357339394005959,0.722680998471603,"up"
"Spop",0.687726593846187,0.014099854647166,0.722680998471603,"up"
"Sprn",0.401665793228892,0.0756613482335521,0.722680998471603,"ns"
"Sptbn1",0.456612721492771,0.137249278370776,0.782361452538678,"ns"
"Sqstm1",0.471205892820674,0.146299379974174,0.782361452538678,"ns"
"Srgn",0.0874681690788184,0.51829480831908,0.872002213655537,"ns"
"Srp14",-0.254011673059628,0.331123301215655,0.847466366030939,"ns"
"Srp68",-0.00306333496936473,0.605130465334477,0.908231260055873,"ns"
"Srp9",-0.124110254017004,0.922789606494998,1,"ns"
"Srsf5",0.157552653953228,0.539428570343983,0.886638024632629,"ns"
"Ss18l2",0.103228354926627,0.227994783169043,0.810362051092249,"ns"
"Stag1",0.210690628414453,0.437898178820692,0.853426109426574,"ns"
"Stard3",0.152296565126377,0.922827681745758,1,"ns"
"Stau2",0.234305635945001,0.332682628377762,0.847466366030939,"ns"
"Stim2",0.366925602383299,0.271897540010209,0.836694734504775,"ns"
"Stk25",-0.0738747472022867,0.219575218611458,0.806874607101339,"ns"
"Stmn1",-0.199427017892924,0.605309106723281,0.908231260055873,"ns"
"Stmn2",0.454458978269416,0.185419669837896,0.782361452538678,"ns"
"Stmn3",0.258974811569194,0.13754103955724,0.782361452538678,"ns"
"Stx12",0.646997935728865,0.0168703770408958,0.722680998471603,"up"
"Stx7",0.130628392668297,0.627958687033744,0.917612295348468,"ns"
"Stxbp1",0.220588139960058,0.36556371527662,0.852006260377939,"ns"
"Styxl1",-0.404149144087856,0.0566370715242834,0.722680998471603,"ns"
"Sub1",0.0589607062643234,0.722440506071191,0.960692326148538,"ns"
"Sumo2",0.0809661856765969,0.796154895217782,0.969252016178356,"ns"
"Synj1",0.36100971842958,0.113235256247883,0.782361452538678,"ns"
"Syp",0.452462773036498,0.0656836162712914,0.722680998471603,"ns"
"Syt11",-0.065846000032669,0.628043761777388,0.917612295348468,"ns"
"Taar3",-0.00364839882065393,0.65113693975696,0.92677945115876,"ns"
"Tafa5",-0.0698058842613349,0.539528885211309,0.886638024632629,"ns"
"Tagln3",0.288655759776625,0.258400945989494,0.827793448915443,"ns"
"Tax1bp1",-0.0179913622668115,0.746401149509977,0.969252016178356,"ns"
"Tbkbp1",-0.311722586686171,0.185310881396724,0.782361452538678,"ns"
"Tceal3",0.111221876796878,0.871166024135713,0.992436679041117,"ns"
"Tceal5",-1.2697513751013,1,1,"ns"
"Tceal8",0.338110308781287,0.244460715061153,0.824776507235617,"ns"
"Tcf20",0.147622959669147,0.477021195768817,0.8623450196294,"ns"
"Tcf25",0.317150945500658,0.0704229131800879,0.722680998471603,"ns"
"Tent2",-0.202602205373395,0.128813948746483,0.782361452538678,"ns"
"Tent4a",-0.37172128952596,0.145800454721491,0.782361452538678,"ns"
"Tet1",-0.0927063482800006,0.974233760619635,1,"ns"
"Tet2",0.014734890554744,0.821086620021765,0.974905963534654,"ns"
"Tfcp2l1",-0.280224297227115,0.30098201271489,0.842010700400028,"ns"
"Tgtp1",-0.220676895565659,0.437557345515756,0.853426109426574,"ns"
"Thap7",-0.109443695487491,0.605309106723281,0.908231260055873,"ns"
"Them6",0.392005807400828,0.0802328206706415,0.722680998471603,"ns"
"Thra",-0.120822455620962,0.365919614202782,0.852006260377939,"ns"
"Thy1",0.127880035357605,0.207681906182489,0.804874675158286,"ns"
"Tiam1",-0.388381602852939,0.243875426302551,0.824776507235617,"ns"
"Tigar",-0.105329715071589,0.400921384064598,0.853426109426574,"ns"
"Timm17a",-0.222840623078101,0.4977037249155,0.8623450196294,"ns"
"Timm23",0.249226288582922,0.181592094606457,0.782361452538678,"ns"
"Tle5",0.0184393936720486,0.770792302014217,0.969252016178356,"ns"
"Tma7",-0.498590241725662,0.023799081972928,0.722680998471603,"ns"
"Tmbim6",-0.193051736058819,0.605130465334477,0.908231260055873,"ns"
"Tmc5",-0.262162989959576,0.316220282308752,0.847466366030939,"ns"
"Tmcc2",-0.248797356485104,0.286605841882631,0.836694734504775,"ns"
"Tmed2",-0.258161627542222,0.129097989146539,0.782361452538678,"ns"
"Tmem151b",0.142463569716271,0.795759383432487,0.969252016178356,"ns"
"Tmem270",0.212408697881427,0.497384492291428,0.8623450196294,"ns"
"Tmem30a",0.461779471333164,0.0758785099729612,0.722680998471603,"ns"
"Tmem59",0.263739615969452,0.316220282308752,0.847466366030939,"ns"
"Tmod2",0.296906385192771,0.0354142231397261,0.722680998471603,"ns"
"Tmsb10",0.304290194913086,0.722572005992062,0.960692326148538,"ns"
"Tmx2",0.187448498143119,0.497064656804947,0.8623450196294,"ns"
"Tmx3",-0.39331238484251,0.419740502595415,0.853426109426574,"ns"
"Tomm6",0.180934723845816,0.0869267539874212,0.722680998471603,"ns"
"Tomm7",-0.0425535071464549,0.846375621243227,0.991404914673818,"ns"
"Tor1aip1",0.191900975872327,0.497277947539729,0.8623450196294,"ns"
"Tpbg",0.194660507011259,0.400688096233745,0.853426109426574,"ns"
"Tpi1",0.253017920092128,0.651056326132991,0.92677945115876,"ns"
"Tpm3",0.258521664950039,0.605487506703915,0.908231260055873,"ns"
"Tpm4",-0.23797429426611,0.174710803814973,0.782361452538678,"ns"
"Tppp",-0.198188974348604,0.286844063776091,0.836694734504775,"ns"
"Tpt1",0.140409708921097,0.497916212663509,0.8623450196294,"ns"
"Tra2b",-0.143730567825308,0.84622533992219,0.991404914673818,"ns"
"Trf",-0.32274743550246,1,1,"ns"
"Trim30a",0.0259828561573581,0.795660145319281,0.969252016178356,"ns"
"Trim37",0.196353626102118,0.271897540010209,0.836694734504775,"ns"
"Trim8",-0.558129266963076,0.0258026456966284,0.722680998471603,"down"
"Trir",-0.0982249066351812,0.605487506703915,0.908231260055873,"ns"
"Trp53inp2",-0.172157952774494,0.922808651163195,1,"ns"
"Tsen34",-0.0514445105621499,1,1,"ns"
"Tspan7",-0.138726871390111,0.974240130666488,1,"ns"
"Ttc3",0.308732309174639,0.258400945989494,0.827793448915443,"ns"
"Ttyh1",-0.149403291704495,0.400921384064598,0.853426109426574,"ns"
"Tuba1b",-0.0755630105761895,1,1,"ns"
"Tubb4a",0.0428150756947741,0.539629135019442,0.886638024632629,"ns"
"Tubb4b",0.566647581291843,0.0183252220808956,0.722680998471603,"up"
"Tubg1",-0.158581708845617,0.317058586234061,0.847466366030939,"ns"
"Twist2",-0.0577832554818118,0.245044811451807,0.824776507235617,"ns"
"Tysnd1",-0.0208946266443784,0.922827681745758,1,"ns"
"Uba1",-0.13691487422088,0.722308819118824,0.960692326148538,"ns"
"Ubald1",-0.228439750083135,0.419395651580088,0.853426109426574,"ns"
"Ubald2",-0.0122334019674986,0.974252856599544,1,"ns"
"Ubb",0.12698617627315,0.196594995261758,0.787127490534719,"ns"
"Ube2d3",0.228385913208983,0.383171397811042,0.852006260377939,"ns"
"Ube2m",0.370093033495837,0.0355968218596936,0.722680998471603,"ns"
"Ube3a",-0.482579295996989,0.219689318069928,0.806874607101339,"ns"
"Ubl3",0.491556007603207,0.582950743180157,0.897867429486922,"ns"
"Ubr4",0.252129388370886,0.271897540010209,0.836694734504775,"ns"
"Ubxn6",-0.117845588473449,0.65113693975696,0.92677945115876,"ns"
"Uchl1",0.0734208038042885,0.897051089469188,0.99976884858572,"ns"
"Ucn",-0.352578313972932,0.0755889665253216,0.722680998471603,"ns"
"Unc80",0.32591510139131,0.539328190347644,0.886638024632629,"ns"
"Usp12",0.126971014711777,0.871735763340169,0.992436679041117,"ns"
"Usp18",0.110828766248189,0.921719937038666,1,"ns"
"Usp19",-0.17484335397571,0.25863631974661,0.827793448915443,"ns"
"Usp22",-0.0227857470051602,0.974252856599544,1,"ns"
"Usp37",-0.30682486673019,0.231602816375863,0.810362051092249,"ns"
"Vamp1",0.0773682004658696,0.62812877833825,0.917612295348468,"ns"
"Vamp2",0.411915450527338,0.164774242688785,0.782361452538678,"ns"
"Vapa",0.360069356826773,0.207118861391028,0.804874675158286,"ns"
"Vash1",-0.483468298714872,0.145900283566017,0.782361452538678,"ns"
"Vmn1r189",-0.146992364576068,0.820341890006257,0.974905963534654,"ns"
"Vps25",0.166518176199231,0.746643738698973,0.969252016178356,"ns"
"Vps37c",-0.218076273845759,0.219689318069928,0.806874607101339,"ns"
"Vsnl1",0.278665342265625,0.0752994681642556,0.722680998471603,"ns"
"Wdr70",-0.171584529118669,0.674797272891167,0.933720799414453,"ns"
"Xrn1",-0.158405005344652,0.477457350223788,0.8623450196294,"ns"
"Yaf2",-0.0241448196880207,0.922789606494998,1,"ns"
"Ypel5",0.187260852040751,0.257575556511538,0.827793448915443,"ns"
"Ywhae",0.0202082600106008,1,1,"ns"
"Ywhag",0.315881531360541,0.257929596398061,0.827793448915443,"ns"
"Yy2",-0.176917737856046,0.348572701535572,0.847466366030939,"ns"
"Zbp1",-0.0592596076913949,0.922074890182689,1,"ns"
"Zbtb37",-0.0932826822617274,0.583137059938968,0.897867429486922,"ns"
"Zc2hc1a",0.476782037269579,0.0705620197383649,0.722680998471603,"ns"
"Zcchc18",-0.271127048443461,0.365919614202782,0.852006260377939,"ns"
"Zeb2",-0.127351559907766,0.651217497646163,0.92677945115876,"ns"
"Zfc3h1",-0.378348939999094,0.0483102792566747,0.722680998471603,"ns"
"Zfp180",0.14284859947096,0.698393612896852,0.950140147778276,"ns"
"Zfp385b",-0.375350982644703,0.061022718764207,0.722680998471603,"ns"
"Zfp664",0.208824706812233,0.457447524815085,0.856413282536519,"ns"
"Zfp819",-0.339538867757316,0.244460715061153,0.824776507235617,"ns"
"Zranb2",0.627403885462974,0.0217703550584838,0.722680998471603,"up"
"Zrsr1",0.169979112447472,0.25863631974661,0.827793448915443,"ns"
"Aldoa",0.384346408359831,0.0811354519058525,0.722680998471603,"ns"
"Apoe",0.233708366057224,0.257693620119118,0.827793448915443,"ns"
"Ckm",-0.209712130751906,0.87160980792826,0.992436679041117,"ns"
"Fth1",-0.403470963353055,0.497916212663509,0.8623450196294,"ns"
"Lypd8",-0.353523513872287,0.232411528423418,0.810362051092249,"ns"
"Pvalb",0.871536068602173,0.0418178358211118,0.722680998471603,"up"
"Tmsb4x",0.283193721854771,0.164565118970222,0.782361452538678,"ns"
"Tpm1",0.520431138548205,0.185093203880228,0.782361452538678,"ns"
"mCherry/tdTomato",-0.382261081780089,0.145700604000446,0.782361452538678,"ns"
"Atp5g1",0.251000191484522,0.382935880013588,0.852006260377939,"ns"
"Atp5j",0.317466587402471,0.255679672377603,0.827793448915443,"ns"
"Atp5o",0.122868807527623,0.559817729481437,0.889942120557918,"ns"
"Bloc1s1",0.278647323282643,0.401270819401271,0.853426109426574,"ns"
"Camk2n1",0.200419736911695,0.349049905495072,0.847466366030939,"ns"
"Cox6c",0.297247647535581,0.145500836970149,0.782361452538678,"ns"
"Cox8a",-0.00734767798054703,1,1,"ns"
"Ctsl",-0.32810210002875,0.164669694672536,0.782361452538678,"ns"
"Dnajc8",0.307865638948555,0.30098201271489,0.842010700400028,"ns"
"Fabp5",0.0273167405862522,0.974124741632616,1,"ns"
"Fam177a",-0.0385798978057394,0.721912631631052,0.960692326148538,"ns"
"Gnas",0.540830444204063,0.0758785099729612,0.722680998471603,"ns"
"Gpx4",-0.00383361458719378,1,1,"ns"
"Hax1",-0.108262472036916,1,1,"ns"
"Hint1",0.391504430644986,0.185637146103943,0.782361452538678,"ns"
"Ifit3",-0.238703628060937,0.112520290221003,0.782361452538678,"ns"
"Ina",0.566643479963252,0.00666570313517331,0.722680998471603,"up"
"Iqch",-0.349876147468553,0.196262955040187,0.787127490534719,"ns"
"Jph3",0.339041404672826,0.271422236631657,0.836694734504775,"ns"
"Lgmn",0.387679109841884,0.196152202064894,0.787127490534719,"ns"
"Mt2",0.119738815406093,0.348572701535572,0.847466366030939,"ns"
"Mycbp2",0.214178824995799,0.497064656804947,0.8623450196294,"ns"
"Ndufb11",0.272971755208332,0.164983255648338,0.782361452538678,"ns"
"Noct",-0.133239015864471,0.722308819118824,0.960692326148538,"ns"
"Pmm1",0.187327276870996,0.315739946920231,0.847466366030939,"ns"
"Pold4",0.127631430245462,0.349049905495072,0.847466366030939,"ns"
"Polr1d",0.24198156988513,0.332802148670555,0.847466366030939,"ns"
"Psmb3",-0.18968588963091,0.400103714843742,0.853426109426574,"ns"
"Rpl19",-0.0965970172546839,0.539729319838096,0.886638024632629,"ns"
"Rpl23a",-0.0433959713110736,0.539629135019442,0.886638024632629,"ns"
"Rpl26",0.151394613201496,0.146199638737981,0.782361452538678,"ns"
"Rps4x",-0.142461075528226,0.316939005988062,0.847466366030939,"ns"
"Rps7",-0.445359937982394,0.0565146881805544,0.722680998471603,"ns"
"Snrpn",0.192828174893755,0.349288131868402,0.847466366030939,"ns"
"Snx3",0.0643805987931558,0.457224691770214,0.856413282536519,"ns"
"Sod1",0.15662539990223,0.497277947539729,0.8623450196294,"ns"
"Sod2",0.271102416138027,0.164983255648338,0.782361452538678,"ns"
"Tecr",0.57384154654928,0.0305861483674607,0.722680998471603,"up"
"Tmem242",-0.335354907135106,0.419395651580088,0.853426109426574,"ns"
"Tuba1a",0.141412417668066,0.651297999864656,0.92677945115876,"ns"
"Uqcr10",0.263182383733274,0.286724980282347,0.836694734504775,"ns"
"Uqcrc2",-0.147930300044846,0.628213736782431,0.917612295348468,"ns"
"Uqcrh",0.182613159765405,0.40103792863784,0.853426109426574,"ns"
"Vdac3",0.00292398118796555,1,1,"ns"
"Zfp91",0.216416422064444,0.560499975608015,0.889942120557918,"ns"
"Ifna4",-0.514732386630671,0.0870828901397958,0.722680998471603,"ns"
"Ighv3",-0.184337188870896,0.497597380910125,0.8623450196294,"ns"
